student_id,scheme_id,marks,income,category,course,marks_margin,income_ratio,cat_specific,gender_specific,amount,selected
1,10,73.7,286000,OC,UG,28.7,0.953,0,0,15000,0
1,15,73.7,286000,OC,UG,13.7,0.636,0,0,12000,1
2,3,57.5,191000,BC,UG,7.5,0.239,0,1,50000,0
2,4,57.5,191000,BC,UG,7.5,0.764,1,0,30000,0
2,8,57.5,191000,BC,UG,7.5,0.637,1,1,25000,1
2,12,57.5,191000,BC,UG,2.5,0.546,0,0,14000,1
3,9,79.0,231000,BC,Diploma,19.0,0.578,0,0,10000,1
4,2,81.3,434000,OC,UG,1.3,0.964,0,0,20000,0
4,11,81.3,434000,OC,UG,11.3,0.868,0,0,20000,0
7,3,71.5,443000,OC,UG,21.5,0.554,0,1,50000,0
7,14,71.5,443000,OC,UG,6.5,0.633,0,1,40000,1
7,15,71.5,443000,OC,UG,11.5,0.984,0,0,12000,1
8,3,66.2,237000,BC,UG,16.2,0.296,0,1,50000,1
8,10,66.2,237000,BC,UG,21.2,0.79,0,0,15000,0
8,14,66.2,237000,BC,UG,1.2,0.339,0,1,40000,0
8,15,66.2,237000,BC,UG,6.2,0.527,0,0,12000,1
9,3,69.8,467000,SC,UG,19.8,0.584,0,1,50000,1
9,14,69.8,467000,SC,UG,4.8,0.667,0,1,40000,1
11,4,80.6,141000,BC,PG,30.6,0.564,1,0,30000,1
11,7,80.6,141000,BC,PG,20.6,0.235,0,0,36000,1
11,11,80.6,141000,BC,PG,10.6,0.282,0,0,20000,0
12,3,79.3,705000,ST,UG,29.3,0.881,0,1,50000,0
12,13,79.3,705000,ST,UG,4.3,0.881,1,0,60000,0
14,2,83.5,110000,OC,UG,3.5,0.244,0,0,20000,0
14,5,83.5,110000,OC,UG,8.5,0.22,0,0,15000,0
14,10,83.5,110000,OC,UG,38.5,0.367,0,0,15000,1
14,15,83.5,110000,OC,UG,23.5,0.244,0,0,12000,1
15,3,75.6,158000,OC,UG,25.6,0.198,0,1,50000,1
15,11,75.6,158000,OC,UG,5.6,0.316,0,0,20000,1
15,14,75.6,158000,OC,UG,10.6,0.226,0,1,40000,1
16,4,59.7,161000,ST,PG,9.7,0.644,1,0,30000,0
16,8,59.7,161000,ST,PG,9.7,0.537,1,1,25000,1
16,12,59.7,161000,ST,PG,4.7,0.46,0,0,14000,1
17,15,74.4,306000,BC,UG,14.4,0.68,0,0,12000,1
18,3,58.5,252000,BC,Diploma,8.5,0.315,0,1,50000,1
19,2,80.5,242000,OC,UG,0.5,0.538,0,0,20000,0
19,3,80.5,242000,OC,UG,30.5,0.302,0,1,50000,1
19,11,80.5,242000,OC,UG,10.5,0.484,0,0,20000,0
19,14,80.5,242000,OC,UG,15.5,0.346,0,1,40000,0
20,3,69.4,430000,BC,Diploma,19.4,0.537,0,1,50000,1
21,7,67.8,364000,ST,PG,7.8,0.607,0,0,36000,0
21,14,67.8,364000,ST,PG,2.8,0.52,0,1,40000,1
21,15,67.8,364000,ST,PG,7.8,0.809,0,0,12000,0
22,7,61.8,358000,BC,PG,1.8,0.597,0,0,36000,0
23,2,84.7,379000,ST,UG,4.7,0.842,0,0,20000,1
23,5,84.7,379000,ST,UG,9.7,0.758,0,0,15000,0
23,13,84.7,379000,ST,UG,9.7,0.474,1,0,60000,1
23,15,84.7,379000,ST,UG,24.7,0.842,0,0,12000,1
24,7,68.1,429000,BC,PG,8.1,0.715,0,0,36000,1
24,14,68.1,429000,BC,PG,3.1,0.613,0,1,40000,1
24,15,68.1,429000,BC,PG,8.1,0.953,0,0,12000,0
25,1,64.9,84000,BC,UG,14.9,0.42,1,0,12000,1
25,4,64.9,84000,BC,UG,14.9,0.336,1,0,30000,1
25,10,64.9,84000,BC,UG,19.9,0.28,0,0,15000,1
25,15,64.9,84000,BC,UG,4.9,0.187,0,0,12000,1
26,6,65.8,238000,SC,PG,25.8,0.952,1,0,18000,0
26,7,65.8,238000,SC,PG,5.8,0.397,0,0,36000,0
26,15,65.8,238000,SC,PG,5.8,0.529,0,0,12000,0
27,3,76.4,80000,BC,UG,26.4,0.1,0,1,50000,1
27,12,76.4,80000,BC,UG,21.4,0.229,0,0,14000,0
27,14,76.4,80000,BC,UG,11.4,0.114,0,1,40000,1
28,15,74.4,303000,BC,UG,14.4,0.673,0,0,12000,1
29,3,75.0,296000,SC,UG,25.0,0.37,0,1,50000,1
29,5,75.0,296000,SC,UG,0.0,0.592,0,0,15000,1
29,8,75.0,296000,SC,UG,25.0,0.987,1,1,25000,1
29,10,75.0,296000,SC,UG,30.0,0.987,0,0,15000,1
29,13,75.0,296000,SC,UG,0.0,0.37,1,0,60000,1
29,14,75.0,296000,SC,UG,10.0,0.423,0,1,40000,0
29,15,75.0,296000,SC,UG,15.0,0.658,0,0,12000,1
32,7,65.1,335000,ST,PG,5.1,0.558,0,0,36000,0
32,14,65.1,335000,ST,PG,0.1,0.479,0,1,40000,0
33,3,63.9,220000,OC,UG,13.9,0.275,0,1,50000,0
33,10,63.9,220000,OC,UG,18.9,0.733,0,0,15000,0
33,15,63.9,220000,OC,UG,3.9,0.489,0,0,12000,0
34,7,60.2,397000,BC,PG,0.2,0.662,0,0,36000,0
34,15,60.2,397000,BC,PG,0.2,0.882,0,0,12000,0
35,5,77.4,216000,OC,UG,2.4,0.432,0,0,15000,0
35,10,77.4,216000,OC,UG,32.4,0.72,0,0,15000,1
35,15,77.4,216000,OC,UG,17.4,0.48,0,0,12000,1
36,7,83.5,296000,BC,PG,23.5,0.493,0,0,36000,1
36,15,83.5,296000,BC,PG,23.5,0.658,0,0,12000,0
37,7,68.6,536000,BC,PG,8.6,0.893,0,0,36000,0
38,3,59.9,212000,MBC,UG,9.9,0.265,0,1,50000,0
39,7,60.1,481000,OC,PG,0.1,0.802,0,0,36000,0
41,4,78.9,167000,BC,PG,28.9,0.668,1,0,30000,1
41,7,78.9,167000,BC,PG,18.9,0.278,0,0,36000,1
41,11,78.9,167000,BC,PG,8.9,0.334,0,0,20000,1
43,3,62.0,451000,BC,UG,12.0,0.564,0,1,50000,0
44,7,72.8,315000,MBC,PG,12.8,0.525,0,0,36000,1
44,15,72.8,315000,MBC,PG,12.8,0.7,0,0,12000,0
45,3,71.4,188000,BC,UG,21.4,0.235,0,1,50000,1
45,12,71.4,188000,BC,UG,16.4,0.537,0,0,14000,1
45,14,71.4,188000,BC,UG,6.4,0.269,0,1,40000,1
46,1,72.6,177000,BC,PG,22.6,0.885,1,0,12000,1
46,7,72.6,177000,BC,PG,12.6,0.295,0,0,36000,1
46,15,72.6,177000,BC,PG,12.6,0.393,0,0,12000,1
47,2,80.5,215000,SC,UG,0.5,0.478,0,0,20000,0
47,5,80.5,215000,SC,UG,5.5,0.43,0,0,15000,1
47,6,80.5,215000,SC,UG,40.5,0.86,1,0,18000,1
47,10,80.5,215000,SC,UG,35.5,0.717,0,0,15000,1
47,13,80.5,215000,SC,UG,5.5,0.269,1,0,60000,1
47,15,80.5,215000,SC,UG,20.5,0.478,0,0,12000,1
48,7,72.7,411000,MBC,PG,12.7,0.685,0,0,36000,0
48,11,72.7,411000,MBC,PG,2.7,0.822,0,0,20000,1
48,14,72.7,411000,MBC,PG,7.7,0.587,0,1,40000,0
49,1,78.1,167000,BC,UG,28.1,0.835,1,0,12000,1
49,5,78.1,167000,BC,UG,3.1,0.334,0,0,15000,1
49,10,78.1,167000,BC,UG,33.1,0.557,0,0,15000,0
49,15,78.1,167000,BC,UG,18.1,0.371,0,0,12000,1
50,15,70.8,386000,SC,UG,10.8,0.858,0,0,12000,1
51,12,73.5,141000,BC,Diploma,18.5,0.403,0,0,14000,0
52,7,77.6,262000,OC,PG,17.6,0.437,0,0,36000,1
52,15,77.6,262000,OC,PG,17.6,0.582,0,0,12000,1
55,1,64.4,130000,BC,UG,14.4,0.65,1,0,12000,0
55,10,64.4,130000,BC,UG,19.4,0.433,0,0,15000,0
55,15,64.4,130000,BC,UG,4.4,0.289,0,0,12000,0
56,3,62.3,717000,MBC,UG,12.3,0.896,0,1,50000,1
57,3,66.7,324000,OC,UG,16.7,0.405,0,1,50000,1
57,12,66.7,324000,OC,UG,11.7,0.926,0,0,14000,0
57,14,66.7,324000,OC,UG,1.7,0.463,0,1,40000,1
58,2,87.9,380000,SC,UG,7.9,0.844,0,0,20000,0
58,3,87.9,380000,SC,UG,37.9,0.475,0,1,50000,1
58,13,87.9,380000,SC,UG,12.9,0.475,1,0,60000,1
58,14,87.9,380000,SC,UG,22.9,0.543,0,1,40000,1
60,3,81.6,387000,MBC,Diploma,31.6,0.484,0,1,50000,1
60,9,81.6,387000,MBC,Diploma,21.6,0.968,0,0,10000,1
61,10,49.8,270000,MBC,UG,4.8,0.9,0,0,15000,0
62,3,66.0,710000,MBC,UG,16.0,0.887,0,1,50000,0
63,3,72.0,226000,ST,UG,22.0,0.282,0,1,50000,1
63,6,72.0,226000,ST,UG,32.0,0.904,1,0,18000,1
63,10,72.0,226000,ST,UG,27.0,0.753,0,0,15000,1
63,14,72.0,226000,ST,UG,7.0,0.323,0,1,40000,1
63,15,72.0,226000,ST,UG,12.0,0.502,0,0,12000,1
65,12,78.5,201000,OC,UG,23.5,0.574,0,0,14000,0
66,3,79.5,286000,BC,UG,29.5,0.357,0,1,50000,1
66,12,79.5,286000,BC,UG,24.5,0.817,0,0,14000,0
66,14,79.5,286000,BC,UG,14.5,0.409,0,1,40000,0
67,1,65.8,156000,BC,UG,15.8,0.78,1,0,12000,1
67,10,65.8,156000,BC,UG,20.8,0.52,0,0,15000,0
67,15,65.8,156000,BC,UG,5.8,0.347,0,0,12000,1
68,3,64.5,390000,OC,UG,14.5,0.487,0,1,50000,1
68,15,64.5,390000,OC,UG,4.5,0.867,0,0,12000,1
70,10,67.7,283000,OC,UG,22.7,0.943,0,0,15000,1
70,15,67.7,283000,OC,UG,7.7,0.629,0,0,12000,0
71,10,54.7,264000,SC,UG,9.7,0.88,0,0,15000,1
72,1,56.4,152000,BC,UG,6.4,0.76,1,0,12000,0
72,10,56.4,152000,BC,UG,11.4,0.507,0,0,15000,0
73,10,59.0,258000,OC,UG,14.0,0.86,0,0,15000,0
74,5,76.0,114000,OC,UG,1.0,0.228,0,0,15000,1
74,10,76.0,114000,OC,UG,31.0,0.38,0,0,15000,1
74,15,76.0,114000,OC,UG,16.0,0.253,0,0,12000,1
75,9,71.7,171000,BC,Diploma,11.7,0.427,0,0,10000,1
76,3,78.3,340000,BC,UG,28.3,0.425,0,1,50000,1
76,5,78.3,340000,BC,UG,3.3,0.68,0,0,15000,0
76,14,78.3,340000,BC,UG,13.3,0.486,0,1,40000,1
76,15,78.3,340000,BC,UG,18.3,0.756,0,0,12000,0
79,7,77.5,209000,OC,PG,17.5,0.348,0,0,36000,0
79,12,77.5,209000,OC,PG,22.5,0.597,0,0,14000,1
79,14,77.5,209000,OC,PG,12.5,0.299,0,1,40000,0
80,3,66.3,702000,BC,UG,16.3,0.877,0,1,50000,1
81,3,75.5,343000,BC,UG,25.5,0.429,0,1,50000,0
81,5,75.5,343000,BC,UG,0.5,0.686,0,0,15000,1
81,14,75.5,343000,BC,UG,10.5,0.49,0,1,40000,0
81,15,75.5,343000,BC,UG,15.5,0.762,0,0,12000,1
82,7,62.1,271000,BC,PG,2.1,0.452,0,0,36000,0
83,3,65.6,384000,BC,UG,15.6,0.48,0,1,50000,0
83,14,65.6,384000,BC,UG,0.6,0.549,0,1,40000,0
83,15,65.6,384000,BC,UG,5.6,0.853,0,0,12000,0
84,15,65.4,308000,OC,UG,5.4,0.684,0,0,12000,1
86,5,75.8,232000,BC,UG,0.8,0.464,0,0,15000,0
86,10,75.8,232000,BC,UG,30.8,0.773,0,0,15000,1
86,15,75.8,232000,BC,UG,15.8,0.516,0,0,12000,0
87,3,64.4,128000,SC,Diploma,14.4,0.16,0,1,50000,1
87,6,64.4,128000,SC,Diploma,24.4,0.512,1,0,18000,1
87,9,64.4,128000,SC,Diploma,4.4,0.32,0,0,10000,0
88,3,70.1,117000,ST,UG,20.1,0.146,0,1,50000,1
88,6,70.1,117000,ST,UG,30.1,0.468,1,0,18000,1
88,10,70.1,117000,ST,UG,25.1,0.39,0,0,15000,1
88,14,70.1,117000,ST,UG,5.1,0.167,0,1,40000,1
88,15,70.1,117000,ST,UG,10.1,0.26,0,0,12000,1
89,3,75.8,439000,SC,UG,25.8,0.549,0,1,50000,1
89,5,75.8,439000,SC,UG,0.8,0.878,0,0,15000,0
89,13,75.8,439000,SC,UG,0.8,0.549,1,0,60000,1
89,14,75.8,439000,SC,UG,10.8,0.627,0,1,40000,1
89,15,75.8,439000,SC,UG,15.8,0.976,0,0,12000,0
90,3,75.4,251000,BC,UG,25.4,0.314,0,1,50000,0
90,5,75.4,251000,BC,UG,0.4,0.502,0,0,15000,0
90,10,75.4,251000,BC,UG,30.4,0.837,0,0,15000,0
90,14,75.4,251000,BC,UG,10.4,0.359,0,1,40000,1
90,15,75.4,251000,BC,UG,15.4,0.558,0,0,12000,1
91,5,78.0,207000,BC,UG,3.0,0.414,0,0,15000,0
91,10,78.0,207000,BC,UG,33.0,0.69,0,0,15000,1
91,15,78.0,207000,BC,UG,18.0,0.46,0,0,12000,0
92,7,68.8,298000,BC,PG,8.8,0.497,0,0,36000,0
92,14,68.8,298000,BC,PG,3.8,0.426,0,1,40000,0
92,15,68.8,298000,BC,PG,8.8,0.662,0,0,12000,1
94,7,69.0,330000,SC,PG,9.0,0.55,0,0,36000,1
94,14,69.0,330000,SC,PG,4.0,0.471,0,1,40000,0
94,15,69.0,330000,SC,PG,9.0,0.733,0,0,12000,0
95,6,49.8,200000,SC,UG,9.8,0.8,1,0,18000,1
95,10,49.8,200000,SC,UG,4.8,0.667,0,0,15000,0
96,3,52.6,619000,SC,UG,2.6,0.774,0,1,50000,0
101,7,65.5,584000,SC,PG,5.5,0.973,0,0,36000,0
101,14,65.5,584000,SC,PG,0.5,0.834,0,1,40000,0
102,2,85.6,429000,OC,UG,5.6,0.953,0,0,20000,0
103,15,65.7,425000,ST,UG,5.7,0.944,0,0,12000,0
104,5,78.9,405000,SC,UG,3.9,0.81,0,0,15000,0
104,13,78.9,405000,SC,UG,3.9,0.506,1,0,60000,1
104,15,78.9,405000,SC,UG,18.9,0.9,0,0,12000,0
107,3,58.6,131000,OC,UG,8.6,0.164,0,1,50000,0
108,6,65.9,184000,SC,UG,25.9,0.736,1,0,18000,0
108,10,65.9,184000,SC,UG,20.9,0.613,0,0,15000,1
108,15,65.9,184000,SC,UG,5.9,0.409,0,0,12000,0
109,13,80.1,648000,SC,UG,5.1,0.81,1,0,60000,1
111,3,75.2,724000,SC,UG,25.2,0.905,0,1,50000,1
111,13,75.2,724000,SC,UG,0.2,0.905,1,0,60000,1
112,3,72.9,252000,OC,UG,22.9,0.315,0,1,50000,1
112,8,72.9,252000,OC,UG,22.9,0.84,1,1,25000,1
112,12,72.9,252000,OC,UG,17.9,0.72,0,0,14000,1
112,14,72.9,252000,OC,UG,7.9,0.36,0,1,40000,0
113,1,62.9,149000,BC,UG,12.9,0.745,1,0,12000,1
113,10,62.9,149000,BC,UG,17.9,0.497,0,0,15000,1
113,15,62.9,149000,BC,UG,2.9,0.331,0,0,12000,0
115,15,70.9,315000,OC,UG,10.9,0.7,0,0,12000,0
116,3,63.6,311000,BC,UG,13.6,0.389,0,1,50000,0
116,15,63.6,311000,BC,UG,3.6,0.691,0,0,12000,0
117,3,72.8,585000,BC,Diploma,22.8,0.731,0,1,50000,1
118,7,70.3,239000,BC,PG,10.3,0.398,0,0,36000,1
118,14,70.3,239000,BC,PG,5.3,0.341,0,1,40000,0
118,15,70.3,239000,BC,PG,10.3,0.531,0,0,12000,1
119,2,89.2,366000,BC,UG,9.2,0.813,0,0,20000,0
119,5,89.2,366000,BC,UG,14.2,0.732,0,0,15000,0
119,15,89.2,366000,BC,UG,29.2,0.813,0,0,12000,1
120,3,67.1,164000,SC,UG,17.1,0.205,0,1,50000,0
120,6,67.1,164000,SC,UG,27.1,0.656,1,0,18000,1
120,10,67.1,164000,SC,UG,22.1,0.547,0,0,15000,1
120,14,67.1,164000,SC,UG,2.1,0.234,0,1,40000,1
120,15,67.1,164000,SC,UG,7.1,0.364,0,0,12000,1
122,3,72.2,297000,SC,UG,22.2,0.371,0,1,50000,1
122,11,72.2,297000,SC,UG,2.2,0.594,0,0,20000,0
122,14,72.2,297000,SC,UG,7.2,0.424,0,1,40000,0
123,1,72.6,189000,BC,UG,22.6,0.945,1,0,12000,0
123,3,72.6,189000,BC,UG,22.6,0.236,0,1,50000,1
123,4,72.6,189000,BC,UG,22.6,0.756,1,0,30000,1
123,8,72.6,189000,BC,UG,22.6,0.63,1,1,25000,1
123,10,72.6,189000,BC,UG,27.6,0.63,0,0,15000,1
123,14,72.6,189000,BC,UG,7.6,0.27,0,1,40000,0
123,15,72.6,189000,BC,UG,12.6,0.42,0,0,12000,1
124,2,86.3,257000,BC,UG,6.3,0.571,0,0,20000,0
124,12,86.3,257000,BC,UG,31.3,0.734,0,0,14000,1
125,2,80.0,266000,BC,UG,0.0,0.591,0,0,20000,0
125,3,80.0,266000,BC,UG,30.0,0.333,0,1,50000,1
125,5,80.0,266000,BC,UG,5.0,0.532,0,0,15000,0
125,10,80.0,266000,BC,UG,35.0,0.887,0,0,15000,1
125,14,80.0,266000,BC,UG,15.0,0.38,0,1,40000,0
125,15,80.0,266000,BC,UG,20.0,0.591,0,0,12000,0
126,3,74.3,252000,BC,UG,24.3,0.315,0,1,50000,1
126,10,74.3,252000,BC,UG,29.3,0.84,0,0,15000,1
126,14,74.3,252000,BC,UG,9.3,0.36,0,1,40000,0
126,15,74.3,252000,BC,UG,14.3,0.56,0,0,12000,0
128,10,55.7,280000,BC,UG,10.7,0.933,0,0,15000,1
129,10,62.3,256000,OC,UG,17.3,0.853,0,0,15000,1
129,15,62.3,256000,OC,UG,2.3,0.569,0,0,12000,0
130,1,58.9,84000,BC,PG,8.9,0.42,1,0,12000,1
131,1,65.3,173000,MBC,PG,15.3,0.865,1,0,12000,1
131,4,65.3,173000,MBC,PG,15.3,0.692,1,0,30000,1
131,7,65.3,173000,MBC,PG,5.3,0.288,0,0,36000,0
131,15,65.3,173000,MBC,PG,5.3,0.384,0,0,12000,0
132,10,53.5,253000,BC,UG,8.5,0.843,0,0,15000,1
133,3,77.6,197000,SC,UG,27.6,0.246,0,1,50000,1
133,5,77.6,197000,SC,UG,2.6,0.394,0,0,15000,1
133,6,77.6,197000,SC,UG,37.6,0.788,1,0,18000,1
133,10,77.6,197000,SC,UG,32.6,0.657,0,0,15000,1
133,13,77.6,197000,SC,UG,2.6,0.246,1,0,60000,1
133,14,77.6,197000,SC,UG,12.6,0.281,0,1,40000,1
133,15,77.6,197000,SC,UG,17.6,0.438,0,0,12000,1
137,3,73.8,308000,ST,UG,23.8,0.385,0,1,50000,1
137,14,73.8,308000,ST,UG,8.8,0.44,0,1,40000,1
137,15,73.8,308000,ST,UG,13.8,0.684,0,0,12000,1
138,2,80.1,303000,SC,UG,0.1,0.673,0,0,20000,0
138,3,80.1,303000,SC,UG,30.1,0.379,0,1,50000,1
138,11,80.1,303000,SC,UG,10.1,0.606,0,0,20000,0
138,13,80.1,303000,SC,UG,5.1,0.379,1,0,60000,0
138,14,80.1,303000,SC,UG,15.1,0.433,0,1,40000,1
139,2,94.0,281000,OC,UG,14.0,0.624,0,0,20000,0
139,11,94.0,281000,OC,UG,24.0,0.562,0,0,20000,0
140,2,99.0,297000,BC,UG,19.0,0.66,0,0,20000,1
140,12,99.0,297000,BC,UG,44.0,0.849,0,0,14000,1
142,3,58.1,74000,SC,UG,8.1,0.092,0,1,50000,0
142,6,58.1,74000,SC,UG,18.1,0.296,1,0,18000,1
142,10,58.1,74000,SC,UG,13.1,0.247,0,0,15000,0
144,12,73.2,214000,BC,UG,18.2,0.611,0,0,14000,0
145,3,60.2,299000,SC,UG,10.2,0.374,0,1,50000,1
145,8,60.2,299000,SC,UG,10.2,0.997,1,1,25000,1
146,3,65.0,449000,OC,UG,15.0,0.561,0,1,50000,0
146,14,65.0,449000,OC,UG,0.0,0.641,0,1,40000,0
146,15,65.0,449000,OC,UG,5.0,0.998,0,0,12000,1
147,3,62.7,394000,MBC,UG,12.7,0.492,0,1,50000,1
147,15,62.7,394000,MBC,UG,2.7,0.876,0,0,12000,1
149,3,82.8,547000,OC,UG,32.8,0.684,0,1,50000,0
149,14,82.8,547000,OC,UG,17.8,0.781,0,1,40000,0
150,7,71.9,550000,MBC,PG,11.9,0.917,0,0,36000,0
151,3,68.1,331000,SC,UG,18.1,0.414,0,1,50000,1
151,14,68.1,331000,SC,UG,3.1,0.473,0,1,40000,1
151,15,68.1,331000,SC,UG,8.1,0.736,0,0,12000,0
154,4,64.2,212000,BC,UG,14.2,0.848,1,0,30000,1
154,10,64.2,212000,BC,UG,19.2,0.707,0,0,15000,0
154,15,64.2,212000,BC,UG,4.2,0.471,0,0,12000,0
155,3,69.4,451000,MBC,UG,19.4,0.564,0,1,50000,0
155,14,69.4,451000,MBC,UG,4.4,0.644,0,1,40000,0
156,7,91.2,317000,OC,PG,31.2,0.528,0,0,36000,1
156,12,91.2,317000,OC,PG,36.2,0.906,0,0,14000,1
157,3,71.6,297000,ST,UG,21.6,0.371,0,1,50000,1
157,10,71.6,297000,ST,UG,26.6,0.99,0,0,15000,1
157,14,71.6,297000,ST,UG,6.6,0.424,0,1,40000,1
157,15,71.6,297000,ST,UG,11.6,0.66,0,0,12000,1
158,13,81.8,718000,SC,UG,6.8,0.897,1,0,60000,0
159,10,64.0,68000,OC,UG,19.0,0.227,0,0,15000,1
159,15,64.0,68000,OC,UG,4.0,0.151,0,0,12000,1
160,1,55.8,127000,BC,UG,5.8,0.635,1,0,12000,1
160,10,55.8,127000,BC,UG,10.8,0.423,0,0,15000,1
161,1,58.4,145000,MBC,UG,8.4,0.725,1,0,12000,0
161,3,58.4,145000,MBC,UG,8.4,0.181,0,1,50000,1
161,10,58.4,145000,MBC,UG,13.4,0.483,0,0,15000,1
162,4,61.3,238000,MBC,UG,11.3,0.952,1,0,30000,1
162,10,61.3,238000,MBC,UG,16.3,0.793,0,0,15000,1
162,15,61.3,238000,MBC,UG,1.3,0.529,0,0,12000,1
163,2,95.5,255000,BC,UG,15.5,0.567,0,0,20000,1
163,5,95.5,255000,BC,UG,20.5,0.51,0,0,15000,1
163,10,95.5,255000,BC,UG,50.5,0.85,0,0,15000,1
163,15,95.5,255000,BC,UG,35.5,0.567,0,0,12000,1
164,3,60.1,120000,OC,UG,10.1,0.15,0,1,50000,1
164,10,60.1,120000,OC,UG,15.1,0.4,0,0,15000,1
164,15,60.1,120000,OC,UG,0.1,0.267,0,0,12000,1
165,7,80.1,164000,OC,PG,20.1,0.273,0,0,36000,1
165,15,80.1,164000,OC,PG,20.1,0.364,0,0,12000,1
169,7,68.1,232000,BC,PG,8.1,0.387,0,0,36000,1
169,12,68.1,232000,BC,PG,13.1,0.663,0,0,14000,1
169,14,68.1,232000,BC,PG,3.1,0.331,0,1,40000,0
170,6,69.5,238000,SC,PG,29.5,0.952,1,0,18000,1
170,7,69.5,238000,SC,PG,9.5,0.397,0,0,36000,1
170,14,69.5,238000,SC,PG,4.5,0.34,0,1,40000,1
170,15,69.5,238000,SC,PG,9.5,0.529,0,0,12000,1
171,7,62.1,149000,OC,PG,2.1,0.248,0,0,36000,0
171,15,62.1,149000,OC,PG,2.1,0.331,0,0,12000,0
172,7,75.4,94000,OC,PG,15.4,0.157,0,0,36000,1
172,15,75.4,94000,OC,PG,15.4,0.209,0,0,12000,1
173,7,64.5,276000,SC,PG,4.5,0.46,0,0,36000,0
173,15,64.5,276000,SC,PG,4.5,0.613,0,0,12000,0
174,3,55.3,163000,ST,Diploma,5.3,0.204,0,1,50000,1
174,6,55.3,163000,ST,Diploma,15.3,0.652,1,0,18000,1
175,3,54.7,282000,BC,UG,4.7,0.352,0,1,50000,0
175,10,54.7,282000,BC,UG,9.7,0.94,0,0,15000,1
176,1,72.1,114000,BC,UG,22.1,0.57,1,0,12000,1
176,10,72.1,114000,BC,UG,27.1,0.38,0,0,15000,1
176,15,72.1,114000,BC,UG,12.1,0.253,0,0,12000,1
177,1,88.9,188000,BC,UG,38.9,0.94,1,0,12000,1
177,2,88.9,188000,BC,UG,8.9,0.418,0,0,20000,1
177,3,88.9,188000,BC,UG,38.9,0.235,0,1,50000,1
177,5,88.9,188000,BC,UG,13.9,0.376,0,0,15000,1
177,10,88.9,188000,BC,UG,43.9,0.627,0,0,15000,1
177,14,88.9,188000,BC,UG,23.9,0.269,0,1,40000,0
177,15,88.9,188000,BC,UG,28.9,0.418,0,0,12000,1
178,7,71.9,324000,BC,PG,11.9,0.54,0,0,36000,0
178,15,71.9,324000,BC,PG,11.9,0.72,0,0,12000,0
179,15,68.6,369000,OC,UG,8.6,0.82,0,0,12000,1
180,7,73.4,381000,SC,PG,13.4,0.635,0,0,36000,1
180,14,73.4,381000,SC,PG,8.4,0.544,0,1,40000,0
180,15,73.4,381000,SC,PG,13.4,0.847,0,0,12000,0
181,1,85.7,134000,BC,PG,35.7,0.67,1,0,12000,1
181,4,85.7,134000,BC,PG,35.7,0.536,1,0,30000,1
181,7,85.7,134000,BC,PG,25.7,0.223,0,0,36000,1
181,8,85.7,134000,BC,PG,35.7,0.447,1,1,25000,1
181,14,85.7,134000,BC,PG,20.7,0.191,0,1,40000,1
181,15,85.7,134000,BC,PG,25.7,0.298,0,0,12000,1
182,3,72.6,495000,MBC,Diploma,22.6,0.619,0,1,50000,1
183,3,65.1,183000,OC,UG,15.1,0.229,0,1,50000,1
183,10,65.1,183000,OC,UG,20.1,0.61,0,0,15000,1
183,14,65.1,183000,OC,UG,0.1,0.261,0,1,40000,1
183,15,65.1,183000,OC,UG,5.1,0.407,0,0,12000,0
184,7,83.3,434000,OC,PG,23.3,0.723,0,0,36000,0
184,14,83.3,434000,OC,PG,18.3,0.62,0,1,40000,1
184,15,83.3,434000,OC,PG,23.3,0.964,0,0,12000,1
185,7,75.1,295000,MBC,PG,15.1,0.492,0,0,36000,1
185,14,75.1,295000,MBC,PG,10.1,0.421,0,1,40000,0
185,15,75.1,295000,MBC,PG,15.1,0.656,0,0,12000,0
186,9,88.4,130000,BC,Diploma,28.4,0.325,0,0,10000,1
187,12,72.2,245000,MBC,Diploma,17.2,0.7,0,0,14000,1
188,3,55.3,369000,OC,UG,5.3,0.461,0,1,50000,0
190,2,89.8,273000,MBC,UG,9.8,0.607,0,0,20000,1
190,12,89.8,273000,MBC,UG,34.8,0.78,0,0,14000,0
193,7,65.4,254000,BC,PG,5.4,0.423,0,0,36000,0
193,14,65.4,254000,BC,PG,0.4,0.363,0,1,40000,1
193,15,65.4,254000,BC,PG,5.4,0.564,0,0,12000,1
194,7,87.5,465000,BC,PG,27.5,0.775,0,0,36000,0
197,5,77.7,142000,OC,UG,2.7,0.284,0,0,15000,0
197,10,77.7,142000,OC,UG,32.7,0.473,0,0,15000,1
197,15,77.7,142000,OC,UG,17.7,0.316,0,0,12000,0
198,7,65.3,170000,BC,PG,5.3,0.283,0,0,36000,0
200,1,68.0,157000,BC,UG,18.0,0.785,1,0,12000,1
200,3,68.0,157000,BC,UG,18.0,0.196,0,1,50000,0
200,10,68.0,157000,BC,UG,23.0,0.523,0,0,15000,0
200,14,68.0,157000,BC,UG,3.0,0.224,0,1,40000,1
200,15,68.0,157000,BC,UG,8.0,0.349,0,0,12000,1
201,7,74.1,134000,OC,PG,14.1,0.223,0,0,36000,1
201,15,74.1,134000,OC,PG,14.1,0.298,0,0,12000,1
202,2,86.9,222000,BC,UG,6.9,0.493,0,0,20000,0
202,3,86.9,222000,BC,UG,36.9,0.278,0,1,50000,1
202,5,86.9,222000,BC,UG,11.9,0.444,0,0,15000,1
202,10,86.9,222000,BC,UG,41.9,0.74,0,0,15000,1
202,14,86.9,222000,BC,UG,21.9,0.317,0,1,40000,1
202,15,86.9,222000,BC,UG,26.9,0.493,0,0,12000,1
203,7,71.1,382000,MBC,PG,11.1,0.637,0,0,36000,1
203,15,71.1,382000,MBC,PG,11.1,0.849,0,0,12000,0
204,3,77.7,279000,BC,UG,27.7,0.349,0,1,50000,1
204,8,77.7,279000,BC,UG,27.7,0.93,1,1,25000,1
204,12,77.7,279000,BC,UG,22.7,0.797,0,0,14000,1
204,14,77.7,279000,BC,UG,12.7,0.399,0,1,40000,1
205,10,45.4,201000,BC,UG,0.4,0.67,0,0,15000,1
206,1,69.4,198000,BC,UG,19.4,0.99,1,0,12000,0
206,3,69.4,198000,BC,UG,19.4,0.247,0,1,50000,0
206,10,69.4,198000,BC,UG,24.4,0.66,0,0,15000,1
206,14,69.4,198000,BC,UG,4.4,0.283,0,1,40000,0
206,15,69.4,198000,BC,UG,9.4,0.44,0,0,12000,0
207,6,59.9,193000,SC,UG,19.9,0.772,1,0,18000,0
207,10,59.9,193000,SC,UG,14.9,0.643,0,0,15000,1
208,1,55.4,175000,BC,UG,5.4,0.875,1,0,12000,0
208,3,55.4,175000,BC,UG,5.4,0.219,0,1,50000,1
208,10,55.4,175000,BC,UG,10.4,0.583,0,0,15000,1
212,6,54.1,221000,SC,UG,14.1,0.884,1,0,18000,1
212,10,54.1,221000,SC,UG,9.1,0.737,0,0,15000,1
213,12,70.4,265000,SC,UG,15.4,0.757,0,0,14000,1
214,3,64.2,193000,OC,Diploma,14.2,0.241,0,1,50000,1
214,9,64.2,193000,OC,Diploma,4.2,0.482,0,0,10000,0
215,12,66.1,60000,BC,UG,11.1,0.171,0,0,14000,1
216,9,82.0,130000,MBC,Diploma,22.0,0.325,0,0,10000,0
217,3,76.5,100000,ST,UG,26.5,0.125,0,1,50000,1
217,4,76.5,100000,ST,UG,26.5,0.4,1,0,30000,1
217,5,76.5,100000,ST,UG,1.5,0.2,0,0,15000,1
217,6,76.5,100000,ST,UG,36.5,0.4,1,0,18000,1
217,8,76.5,100000,ST,UG,26.5,0.333,1,1,25000,1
217,10,76.5,100000,ST,UG,31.5,0.333,0,0,15000,1
217,13,76.5,100000,ST,UG,1.5,0.125,1,0,60000,1
217,14,76.5,100000,ST,UG,11.5,0.143,0,1,40000,1
217,15,76.5,100000,ST,UG,16.5,0.222,0,0,12000,1
218,2,86.0,77000,BC,UG,6.0,0.171,0,0,20000,1
218,12,86.0,77000,BC,UG,31.0,0.22,0,0,14000,0
219,4,68.1,145000,OC,UG,18.1,0.58,1,0,30000,1
219,10,68.1,145000,OC,UG,23.1,0.483,0,0,15000,1
219,15,68.1,145000,OC,UG,8.1,0.322,0,0,12000,1
221,7,67.3,289000,OC,PG,7.3,0.482,0,0,36000,0
221,15,67.3,289000,OC,PG,7.3,0.642,0,0,12000,0
223,15,72.1,379000,BC,UG,12.1,0.842,0,0,12000,1
225,3,71.1,173000,SC,UG,21.1,0.216,0,1,50000,0
225,11,71.1,173000,SC,UG,1.1,0.346,0,0,20000,1
225,14,71.1,173000,SC,UG,6.1,0.247,0,1,40000,1
227,3,99.0,459000,MBC,Diploma,49.0,0.574,0,1,50000,1
228,2,92.5,210000,SC,UG,12.5,0.467,0,0,20000,1
228,3,92.5,210000,SC,UG,42.5,0.263,0,1,50000,1
228,5,92.5,210000,SC,UG,17.5,0.42,0,0,15000,0
228,6,92.5,210000,SC,UG,52.5,0.84,1,0,18000,1
228,10,92.5,210000,SC,UG,47.5,0.7,0,0,15000,1
228,13,92.5,210000,SC,UG,17.5,0.263,1,0,60000,1
228,14,92.5,210000,SC,UG,27.5,0.3,0,1,40000,0
228,15,92.5,210000,SC,UG,32.5,0.467,0,0,12000,1
230,7,66.6,417000,SC,PG,6.6,0.695,0,0,36000,0
230,15,66.6,417000,SC,PG,6.6,0.927,0,0,12000,0
231,3,52.4,213000,OC,UG,2.4,0.266,0,1,50000,1
231,10,52.4,213000,OC,UG,7.4,0.71,0,0,15000,1
232,1,62.9,151000,MBC,PG,12.9,0.755,1,0,12000,1
232,7,62.9,151000,MBC,PG,2.9,0.252,0,0,36000,1
232,15,62.9,151000,MBC,PG,2.9,0.336,0,0,12000,0
233,1,73.8,146000,BC,UG,23.8,0.73,1,0,12000,1
233,10,73.8,146000,BC,UG,28.8,0.487,0,0,15000,1
233,15,73.8,146000,BC,UG,13.8,0.324,0,0,12000,1
234,7,84.5,312000,SC,PG,24.5,0.52,0,0,36000,1
234,13,84.5,312000,SC,PG,9.5,0.39,1,0,60000,1
234,14,84.5,312000,SC,PG,19.5,0.446,0,1,40000,1
234,15,84.5,312000,SC,PG,24.5,0.693,0,0,12000,1
235,3,61.3,361000,MBC,Diploma,11.3,0.451,0,1,50000,1
235,9,61.3,361000,MBC,Diploma,1.3,0.902,0,0,10000,1
236,1,62.2,184000,BC,UG,12.2,0.92,1,0,12000,0
236,4,62.2,184000,BC,UG,12.2,0.736,1,0,30000,1
236,10,62.2,184000,BC,UG,17.2,0.613,0,0,15000,1
236,15,62.2,184000,BC,UG,2.2,0.409,0,0,12000,1
238,3,68.0,418000,BC,Diploma,18.0,0.522,0,1,50000,1
240,3,63.6,752000,BC,UG,13.6,0.94,0,1,50000,0
242,3,68.9,163000,SC,Diploma,18.9,0.204,0,1,50000,1
242,6,68.9,163000,SC,Diploma,28.9,0.652,1,0,18000,1
242,9,68.9,163000,SC,Diploma,8.9,0.407,0,0,10000,1
244,10,52.4,216000,OC,UG,7.4,0.72,0,0,15000,0
247,3,56.8,232000,MBC,UG,6.8,0.29,0,1,50000,0
247,10,56.8,232000,MBC,UG,11.8,0.773,0,0,15000,0
248,1,92.0,100000,MBC,UG,42.0,0.5,1,0,12000,1
248,2,92.0,100000,MBC,UG,12.0,0.222,0,0,20000,0
248,5,92.0,100000,MBC,UG,17.0,0.2,0,0,15000,0
248,10,92.0,100000,MBC,UG,47.0,0.333,0,0,15000,1
248,15,92.0,100000,MBC,UG,32.0,0.222,0,0,12000,1
249,2,99.0,268000,BC,UG,19.0,0.596,0,0,20000,1
249,3,99.0,268000,BC,UG,49.0,0.335,0,1,50000,1
249,12,99.0,268000,BC,UG,44.0,0.766,0,0,14000,1
249,14,99.0,268000,BC,UG,34.0,0.383,0,1,40000,1
250,1,55.9,116000,BC,UG,5.9,0.58,1,0,12000,1
250,3,55.9,116000,BC,UG,5.9,0.145,0,1,50000,0
250,10,55.9,116000,BC,UG,10.9,0.387,0,0,15000,1
252,3,74.1,737000,MBC,UG,24.1,0.921,0,1,50000,0
253,4,90.7,184000,OC,PG,40.7,0.736,1,0,30000,1
253,7,90.7,184000,OC,PG,30.7,0.307,0,0,36000,1
253,8,90.7,184000,OC,PG,40.7,0.613,1,1,25000,1
253,14,90.7,184000,OC,PG,25.7,0.263,0,1,40000,0
253,15,90.7,184000,OC,PG,30.7,0.409,0,0,12000,1
254,3,58.2,355000,OC,UG,8.2,0.444,0,1,50000,0
256,3,79.3,203000,ST,UG,29.3,0.254,0,1,50000,1
256,5,79.3,203000,ST,UG,4.3,0.406,0,0,15000,1
256,6,79.3,203000,ST,UG,39.3,0.812,1,0,18000,0
256,10,79.3,203000,ST,UG,34.3,0.677,0,0,15000,1
256,13,79.3,203000,ST,UG,4.3,0.254,1,0,60000,1
256,14,79.3,203000,ST,UG,14.3,0.29,0,1,40000,0
256,15,79.3,203000,ST,UG,19.3,0.451,0,0,12000,1
257,3,75.2,472000,SC,UG,25.2,0.59,0,1,50000,0
257,5,75.2,472000,SC,UG,0.2,0.944,0,0,15000,1
257,13,75.2,472000,SC,UG,0.2,0.59,1,0,60000,0
257,14,75.2,472000,SC,UG,10.2,0.674,0,1,40000,0
258,3,65.5,290000,BC,UG,15.5,0.362,0,1,50000,1
258,10,65.5,290000,BC,UG,20.5,0.967,0,0,15000,0
258,14,65.5,290000,BC,UG,0.5,0.414,0,1,40000,0
258,15,65.5,290000,BC,UG,5.5,0.644,0,0,12000,0
260,3,53.5,222000,BC,UG,3.5,0.278,0,1,50000,0
262,15,66.8,314000,BC,UG,6.8,0.698,0,0,12000,0
264,3,63.3,227000,MBC,Diploma,13.3,0.284,0,1,50000,0
264,9,63.3,227000,MBC,Diploma,3.3,0.568,0,0,10000,0
265,7,75.7,288000,SC,PG,15.7,0.48,0,0,36000,1
265,13,75.7,288000,SC,PG,0.7,0.36,1,0,60000,1
265,14,75.7,288000,SC,PG,10.7,0.411,0,1,40000,1
265,15,75.7,288000,SC,PG,15.7,0.64,0,0,12000,1
266,2,82.2,277000,ST,UG,2.2,0.616,0,0,20000,0
266,5,82.2,277000,ST,UG,7.2,0.554,0,0,15000,0
266,10,82.2,277000,ST,UG,37.2,0.923,0,0,15000,1
266,13,82.2,277000,ST,UG,7.2,0.346,1,0,60000,1
266,15,82.2,277000,ST,UG,22.2,0.616,0,0,12000,1
267,3,71.9,180000,OC,UG,21.9,0.225,0,1,50000,1
267,10,71.9,180000,OC,UG,26.9,0.6,0,0,15000,0
267,14,71.9,180000,OC,UG,6.9,0.257,0,1,40000,1
267,15,71.9,180000,OC,UG,11.9,0.4,0,0,12000,1
268,15,74.2,441000,BC,UG,14.2,0.98,0,0,12000,0
270,3,70.0,423000,BC,UG,20.0,0.529,0,1,50000,0
270,14,70.0,423000,BC,UG,5.0,0.604,0,1,40000,1
270,15,70.0,423000,BC,UG,10.0,0.94,0,0,12000,1
271,3,61.3,746000,BC,UG,11.3,0.932,0,1,50000,1
272,3,73.8,708000,OC,UG,23.8,0.885,0,1,50000,0
273,3,68.8,237000,SC,UG,18.8,0.296,0,1,50000,1
273,6,68.8,237000,SC,UG,28.8,0.948,1,0,18000,1
273,10,68.8,237000,SC,UG,23.8,0.79,0,0,15000,0
273,14,68.8,237000,SC,UG,3.8,0.339,0,1,40000,1
273,15,68.8,237000,SC,UG,8.8,0.527,0,0,12000,0
274,2,95.1,371000,BC,UG,15.1,0.824,0,0,20000,0
274,5,95.1,371000,BC,UG,20.1,0.742,0,0,15000,1
274,15,95.1,371000,BC,UG,35.1,0.824,0,0,12000,0
275,6,88.9,204000,SC,PG,48.9,0.816,1,0,18000,1
275,7,88.9,204000,SC,PG,28.9,0.34,0,0,36000,1
275,13,88.9,204000,SC,PG,13.9,0.255,1,0,60000,1
275,14,88.9,204000,SC,PG,23.9,0.291,0,1,40000,1
275,15,88.9,204000,SC,PG,28.9,0.453,0,0,12000,0
276,7,74.6,301000,OC,PG,14.6,0.502,0,0,36000,1
276,11,74.6,301000,OC,PG,4.6,0.602,0,0,20000,0
277,3,60.8,207000,OC,UG,10.8,0.259,0,1,50000,1
277,10,60.8,207000,OC,UG,15.8,0.69,0,0,15000,0
277,15,60.8,207000,OC,UG,0.8,0.46,0,0,12000,1
279,2,84.3,369000,OC,UG,4.3,0.82,0,0,20000,0
279,11,84.3,369000,OC,UG,14.3,0.738,0,0,20000,1
280,7,73.2,260000,BC,PG,13.2,0.433,0,0,36000,1
280,15,73.2,260000,BC,PG,13.2,0.578,0,0,12000,0
281,3,75.8,607000,ST,UG,25.8,0.759,0,1,50000,1
281,13,75.8,607000,ST,UG,0.8,0.759,1,0,60000,0
281,14,75.8,607000,ST,UG,10.8,0.867,0,1,40000,0
282,10,49.1,81000,BC,UG,4.1,0.27,0,0,15000,0
283,2,81.1,89000,OC,UG,1.1,0.198,0,0,20000,0
283,3,81.1,89000,OC,UG,31.1,0.111,0,1,50000,1
283,5,81.1,89000,OC,UG,6.1,0.178,0,0,15000,1
283,10,81.1,89000,OC,UG,36.1,0.297,0,0,15000,1
283,14,81.1,89000,OC,UG,16.1,0.127,0,1,40000,1
283,15,81.1,89000,OC,UG,21.1,0.198,0,0,12000,1
284,3,75.5,478000,MBC,Diploma,25.5,0.598,0,1,50000,0
285,12,56.7,308000,BC,UG,1.7,0.88,0,0,14000,1
286,3,64.3,345000,MBC,UG,14.3,0.431,0,1,50000,1
286,15,64.3,345000,MBC,UG,4.3,0.767,0,0,12000,0
287,1,73.2,134000,BC,UG,23.2,0.67,1,0,12000,0
287,10,73.2,134000,BC,UG,28.2,0.447,0,0,15000,1
287,15,73.2,134000,BC,UG,13.2,0.298,0,0,12000,1
288,10,70.6,292000,SC,UG,25.6,0.973,0,0,15000,1
288,15,70.6,292000,SC,UG,10.6,0.649,0,0,12000,0
292,4,71.8,228000,SC,UG,21.8,0.912,1,0,30000,1
292,6,71.8,228000,SC,UG,31.8,0.912,1,0,18000,1
292,10,71.8,228000,SC,UG,26.8,0.76,0,0,15000,1
292,15,71.8,228000,SC,UG,11.8,0.507,0,0,12000,1
293,2,87.7,234000,BC,UG,7.7,0.52,0,0,20000,0
293,3,87.7,234000,BC,UG,37.7,0.292,0,1,50000,1
293,5,87.7,234000,BC,UG,12.7,0.468,0,0,15000,1
293,10,87.7,234000,BC,UG,42.7,0.78,0,0,15000,1
293,14,87.7,234000,BC,UG,22.7,0.334,0,1,40000,0
293,15,87.7,234000,BC,UG,27.7,0.52,0,0,12000,1
295,15,67.2,346000,OC,UG,7.2,0.769,0,0,12000,0
296,3,72.1,493000,OC,UG,22.1,0.616,0,1,50000,0
296,14,72.1,493000,OC,UG,7.1,0.704,0,1,40000,1
297,10,73.6,115000,OC,UG,28.6,0.383,0,0,15000,1
297,15,73.6,115000,OC,UG,13.6,0.256,0,0,12000,1
298,1,65.5,199000,MBC,UG,15.5,0.995,1,0,12000,1
298,3,65.5,199000,MBC,UG,15.5,0.249,0,1,50000,0
298,10,65.5,199000,MBC,UG,20.5,0.663,0,0,15000,0
298,14,65.5,199000,MBC,UG,0.5,0.284,0,1,40000,0
298,15,65.5,199000,MBC,UG,5.5,0.442,0,0,12000,1
299,10,48.9,148000,BC,UG,3.9,0.493,0,0,15000,1
300,3,73.9,166000,MBC,Diploma,23.9,0.207,0,1,50000,0
300,9,73.9,166000,MBC,Diploma,13.9,0.415,0,0,10000,0
301,2,90.7,306000,OC,UG,10.7,0.68,0,0,20000,1
301,3,90.7,306000,OC,UG,40.7,0.383,0,1,50000,1
301,5,90.7,306000,OC,UG,15.7,0.612,0,0,15000,0
301,14,90.7,306000,OC,UG,25.7,0.437,0,1,40000,1
301,15,90.7,306000,OC,UG,30.7,0.68,0,0,12000,1
302,4,51.6,85000,SC,PG,1.6,0.34,1,0,30000,0
302,6,51.6,85000,SC,PG,11.6,0.34,1,0,18000,0
303,7,80.4,429000,SC,PG,20.4,0.715,0,0,36000,1
303,13,80.4,429000,SC,PG,5.4,0.536,1,0,60000,0
303,15,80.4,429000,SC,PG,20.4,0.953,0,0,12000,1
304,3,66.1,466000,OC,UG,16.1,0.583,0,1,50000,1
304,14,66.1,466000,OC,UG,1.1,0.666,0,1,40000,0
305,3,69.3,255000,OC,UG,19.3,0.319,0,1,50000,0
305,14,69.3,255000,OC,UG,4.3,0.364,0,1,40000,0
306,4,57.4,67000,OC,UG,7.4,0.268,1,0,30000,1
306,10,57.4,67000,OC,UG,12.4,0.223,0,0,15000,1
307,3,66.0,163000,SC,UG,16.0,0.204,0,1,50000,1
307,4,66.0,163000,SC,UG,16.0,0.652,1,0,30000,1
307,8,66.0,163000,SC,UG,16.0,0.543,1,1,25000,1
307,14,66.0,163000,SC,UG,1.0,0.233,0,1,40000,1
309,1,77.0,56000,BC,UG,27.0,0.28,1,0,12000,1
309,3,77.0,56000,BC,UG,27.0,0.07,0,1,50000,1
309,5,77.0,56000,BC,UG,2.0,0.112,0,0,15000,1
309,10,77.0,56000,BC,UG,32.0,0.187,0,0,15000,0
309,14,77.0,56000,BC,UG,12.0,0.08,0,1,40000,1
309,15,77.0,56000,BC,UG,17.0,0.124,0,0,12000,1
310,2,90.8,241000,BC,UG,10.8,0.536,0,0,20000,1
310,3,90.8,241000,BC,UG,40.8,0.301,0,1,50000,1
310,5,90.8,241000,BC,UG,15.8,0.482,0,0,15000,1
310,10,90.8,241000,BC,UG,45.8,0.803,0,0,15000,1
310,14,90.8,241000,BC,UG,25.8,0.344,0,1,40000,1
310,15,90.8,241000,BC,UG,30.8,0.536,0,0,12000,1
311,2,84.1,146000,SC,UG,4.1,0.324,0,0,20000,1
311,3,84.1,146000,SC,UG,34.1,0.182,0,1,50000,1
311,12,84.1,146000,SC,UG,29.1,0.417,0,0,14000,1
311,13,84.1,146000,SC,UG,9.1,0.182,1,0,60000,1
311,14,84.1,146000,SC,UG,19.1,0.209,0,1,40000,1
312,7,75.3,481000,BC,PG,15.3,0.802,0,0,36000,1
312,14,75.3,481000,BC,PG,10.3,0.687,0,1,40000,0
313,1,90.9,198000,BC,UG,40.9,0.99,1,0,12000,1
313,2,90.9,198000,BC,UG,10.9,0.44,0,0,20000,1
313,5,90.9,198000,BC,UG,15.9,0.396,0,0,15000,1
313,10,90.9,198000,BC,UG,45.9,0.66,0,0,15000,1
313,15,90.9,198000,BC,UG,30.9,0.44,0,0,12000,1
314,7,75.3,378000,ST,PG,15.3,0.63,0,0,36000,0
314,13,75.3,378000,ST,PG,0.3,0.472,1,0,60000,1
314,14,75.3,378000,ST,PG,10.3,0.54,0,1,40000,0
314,15,75.3,378000,ST,PG,15.3,0.84,0,0,12000,0
315,3,79.9,416000,OC,UG,29.9,0.52,0,1,50000,1
315,5,79.9,416000,OC,UG,4.9,0.832,0,0,15000,1
315,14,79.9,416000,OC,UG,14.9,0.594,0,1,40000,1
315,15,79.9,416000,OC,UG,19.9,0.924,0,0,12000,1
317,3,70.8,263000,OC,UG,20.8,0.329,0,1,50000,1
317,12,70.8,263000,OC,UG,15.8,0.751,0,0,14000,1
317,14,70.8,263000,OC,UG,5.8,0.376,0,1,40000,0
318,3,61.6,372000,BC,UG,11.6,0.465,0,1,50000,1
318,15,61.6,372000,BC,UG,1.6,0.827,0,0,12000,1
319,2,81.9,122000,SC,UG,1.9,0.271,0,0,20000,1
319,3,81.9,122000,SC,UG,31.9,0.152,0,1,50000,1
319,11,81.9,122000,SC,UG,11.9,0.244,0,0,20000,1
319,13,81.9,122000,SC,UG,6.9,0.152,1,0,60000,1
319,14,81.9,122000,SC,UG,16.9,0.174,0,1,40000,1
320,3,55.9,606000,MBC,Diploma,5.9,0.757,0,1,50000,1
321,1,79.4,188000,MBC,UG,29.4,0.94,1,0,12000,1
321,3,79.4,188000,MBC,UG,29.4,0.235,0,1,50000,1
321,5,79.4,188000,MBC,UG,4.4,0.376,0,0,15000,1
321,10,79.4,188000,MBC,UG,34.4,0.627,0,0,15000,1
321,14,79.4,188000,MBC,UG,14.4,0.269,0,1,40000,0
321,15,79.4,188000,MBC,UG,19.4,0.418,0,0,12000,0
322,10,67.7,212000,BC,UG,22.7,0.707,0,0,15000,0
322,15,67.7,212000,BC,UG,7.7,0.471,0,0,12000,1
323,2,84.1,293000,BC,UG,4.1,0.651,0,0,20000,0
323,5,84.1,293000,BC,UG,9.1,0.586,0,0,15000,1
323,10,84.1,293000,BC,UG,39.1,0.977,0,0,15000,1
323,15,84.1,293000,BC,UG,24.1,0.651,0,0,12000,0
324,1,79.0,116000,BC,UG,29.0,0.58,1,0,12000,1
324,5,79.0,116000,BC,UG,4.0,0.232,0,0,15000,1
324,10,79.0,116000,BC,UG,34.0,0.387,0,0,15000,1
324,15,79.0,116000,BC,UG,19.0,0.258,0,0,12000,1
325,2,91.8,340000,BC,UG,11.8,0.756,0,0,20000,1
325,5,91.8,340000,BC,UG,16.8,0.68,0,0,15000,0
325,15,91.8,340000,BC,UG,31.8,0.756,0,0,12000,0
328,1,69.2,114000,BC,UG,19.2,0.57,1,0,12000,0
328,10,69.2,114000,BC,UG,24.2,0.38,0,0,15000,1
328,15,69.2,114000,BC,UG,9.2,0.253,0,0,12000,0
329,3,55.9,275000,BC,UG,5.9,0.344,0,1,50000,0
329,10,55.9,275000,BC,UG,10.9,0.917,0,0,15000,0
331,2,88.1,96000,OC,UG,8.1,0.213,0,0,20000,1
331,3,88.1,96000,OC,UG,38.1,0.12,0,1,50000,1
331,5,88.1,96000,OC,UG,13.1,0.192,0,0,15000,1
331,10,88.1,96000,OC,UG,43.1,0.32,0,0,15000,1
331,14,88.1,96000,OC,UG,23.1,0.137,0,1,40000,1
331,15,88.1,96000,OC,UG,28.1,0.213,0,0,12000,1
332,5,77.7,156000,SC,UG,2.7,0.312,0,0,15000,1
332,6,77.7,156000,SC,UG,37.7,0.624,1,0,18000,0
332,10,77.7,156000,SC,UG,32.7,0.52,0,0,15000,1
332,13,77.7,156000,SC,UG,2.7,0.195,1,0,60000,0
332,15,77.7,156000,SC,UG,17.7,0.347,0,0,12000,1
334,3,57.8,349000,OC,UG,7.8,0.436,0,1,50000,1
335,3,70.4,380000,MBC,UG,20.4,0.475,0,1,50000,1
335,14,70.4,380000,MBC,UG,5.4,0.543,0,1,40000,0
335,15,70.4,380000,MBC,UG,10.4,0.844,0,0,12000,1
337,3,61.9,393000,BC,Diploma,11.9,0.491,0,1,50000,1
337,9,61.9,393000,BC,Diploma,1.9,0.983,0,0,10000,0
338,7,73.7,440000,OC,PG,13.7,0.733,0,0,36000,1
338,14,73.7,440000,OC,PG,8.7,0.629,0,1,40000,1
338,15,73.7,440000,OC,PG,13.7,0.978,0,0,12000,1
340,12,77.3,261000,OC,Diploma,22.3,0.746,0,0,14000,0
342,3,73.7,383000,ST,Diploma,23.7,0.479,0,1,50000,1
342,9,73.7,383000,ST,Diploma,13.7,0.958,0,0,10000,1
343,7,70.9,386000,OC,PG,10.9,0.643,0,0,36000,0
343,15,70.9,386000,OC,PG,10.9,0.858,0,0,12000,1
344,9,75.0,216000,MBC,Diploma,15.0,0.54,0,0,10000,0
345,2,89.4,160000,OC,UG,9.4,0.356,0,0,20000,1
345,3,89.4,160000,OC,UG,39.4,0.2,0,1,50000,1
345,12,89.4,160000,OC,UG,34.4,0.457,0,0,14000,1
345,14,89.4,160000,OC,UG,24.4,0.229,0,1,40000,1
347,3,62.9,361000,SC,UG,12.9,0.451,0,1,50000,0
347,15,62.9,361000,SC,UG,2.9,0.802,0,0,12000,1
348,1,77.1,191000,BC,UG,27.1,0.955,1,0,12000,1
348,5,77.1,191000,BC,UG,2.1,0.382,0,0,15000,1
348,10,77.1,191000,BC,UG,32.1,0.637,0,0,15000,0
348,15,77.1,191000,BC,UG,17.1,0.424,0,0,12000,1
350,9,87.7,278000,MBC,Diploma,27.7,0.695,0,0,10000,1
351,3,74.4,255000,ST,UG,24.4,0.319,0,1,50000,1
351,10,74.4,255000,ST,UG,29.4,0.85,0,0,15000,1
351,14,74.4,255000,ST,UG,9.4,0.364,0,1,40000,1
351,15,74.4,255000,ST,UG,14.4,0.567,0,0,12000,1
352,2,80.2,416000,BC,UG,0.2,0.924,0,0,20000,0
352,5,80.2,416000,BC,UG,5.2,0.832,0,0,15000,1
352,15,80.2,416000,BC,UG,20.2,0.924,0,0,12000,1
353,3,63.1,137000,OC,UG,13.1,0.171,0,1,50000,0
353,10,63.1,137000,OC,UG,18.1,0.457,0,0,15000,0
353,15,63.1,137000,OC,UG,3.1,0.304,0,0,12000,1
354,3,79.8,366000,OC,UG,29.8,0.458,0,1,50000,0
354,14,79.8,366000,OC,UG,14.8,0.523,0,1,40000,1
356,3,72.8,392000,MBC,UG,22.8,0.49,0,1,50000,1
356,14,72.8,392000,MBC,UG,7.8,0.56,0,1,40000,1
356,15,72.8,392000,MBC,UG,12.8,0.871,0,0,12000,1
357,6,72.8,237000,SC,PG,32.8,0.948,1,0,18000,1
357,7,72.8,237000,SC,PG,12.8,0.395,0,0,36000,1
357,15,72.8,237000,SC,PG,12.8,0.527,0,0,12000,0
358,6,73.2,219000,SC,PG,33.2,0.876,1,0,18000,1
358,7,73.2,219000,SC,PG,13.2,0.365,0,0,36000,0
358,14,73.2,219000,SC,PG,8.2,0.313,0,1,40000,1
358,15,73.2,219000,SC,PG,13.2,0.487,0,0,12000,1
359,12,59.6,232000,SC,UG,4.6,0.663,0,0,14000,1
361,3,68.2,236000,BC,UG,18.2,0.295,0,1,50000,1
361,4,68.2,236000,BC,UG,18.2,0.944,1,0,30000,1
361,8,68.2,236000,BC,UG,18.2,0.787,1,1,25000,1
361,10,68.2,236000,BC,UG,23.2,0.787,0,0,15000,1
361,14,68.2,236000,BC,UG,3.2,0.337,0,1,40000,1
361,15,68.2,236000,BC,UG,8.2,0.524,0,0,12000,0
362,7,74.6,514000,MBC,PG,14.6,0.857,0,0,36000,0
362,14,74.6,514000,MBC,PG,9.6,0.734,0,1,40000,0
363,1,82.0,105000,BC,PG,32.0,0.525,1,0,12000,1
363,7,82.0,105000,BC,PG,22.0,0.175,0,0,36000,1
363,14,82.0,105000,BC,PG,17.0,0.15,0,1,40000,0
363,15,82.0,105000,BC,PG,22.0,0.233,0,0,12000,1
364,3,57.3,497000,BC,UG,7.3,0.621,0,1,50000,0
365,6,68.5,236000,ST,PG,28.5,0.944,1,0,18000,1
365,7,68.5,236000,ST,PG,8.5,0.393,0,0,36000,1
365,15,68.5,236000,ST,PG,8.5,0.524,0,0,12000,1
366,2,87.8,372000,MBC,UG,7.8,0.827,0,0,20000,0
366,5,87.8,372000,MBC,UG,12.8,0.744,0,0,15000,1
366,15,87.8,372000,MBC,UG,27.8,0.827,0,0,12000,1
367,6,61.1,151000,ST,UG,21.1,0.604,1,0,18000,0
367,10,61.1,151000,ST,UG,16.1,0.503,0,0,15000,0
367,15,61.1,151000,ST,UG,1.1,0.336,0,0,12000,0
371,11,70.1,120000,OC,UG,0.1,0.24,0,0,20000,1
372,11,85.9,488000,BC,UG,15.9,0.976,0,0,20000,0
373,2,80.3,378000,BC,UG,0.3,0.84,0,0,20000,1
373,5,80.3,378000,BC,UG,5.3,0.756,0,0,15000,0
373,15,80.3,378000,BC,UG,20.3,0.84,0,0,12000,1
374,2,80.1,113000,OC,UG,0.1,0.251,0,0,20000,0
374,4,80.1,113000,OC,UG,30.1,0.452,1,0,30000,1
374,12,80.1,113000,OC,UG,25.1,0.323,0,0,14000,1
375,5,76.6,292000,ST,UG,1.6,0.584,0,0,15000,0
375,10,76.6,292000,ST,UG,31.6,0.973,0,0,15000,1
375,13,76.6,292000,ST,UG,1.6,0.365,1,0,60000,1
375,15,76.6,292000,ST,UG,16.6,0.649,0,0,12000,1
376,2,97.9,369000,OC,UG,17.9,0.82,0,0,20000,1
376,3,97.9,369000,OC,UG,47.9,0.461,0,1,50000,1
376,5,97.9,369000,OC,UG,22.9,0.738,0,0,15000,1
376,14,97.9,369000,OC,UG,32.9,0.527,0,1,40000,1
376,15,97.9,369000,OC,UG,37.9,0.82,0,0,12000,1
377,7,67.5,414000,OC,PG,7.5,0.69,0,0,36000,1
377,15,67.5,414000,OC,PG,7.5,0.92,0,0,12000,0
379,3,89.3,353000,OC,Diploma,39.3,0.441,0,1,50000,1
382,2,85.7,53000,OC,UG,5.7,0.118,0,0,20000,0
382,5,85.7,53000,OC,UG,10.7,0.106,0,0,15000,1
382,10,85.7,53000,OC,UG,40.7,0.177,0,0,15000,1
382,15,85.7,53000,OC,UG,25.7,0.118,0,0,12000,1
384,3,55.0,269000,MBC,UG,5.0,0.336,0,1,50000,0
384,8,55.0,269000,MBC,UG,5.0,0.897,1,1,25000,0
385,6,50.8,104000,SC,Diploma,10.8,0.416,1,0,18000,1
388,11,76.3,155000,MBC,UG,6.3,0.31,0,0,20000,1
389,3,73.3,363000,BC,UG,23.3,0.454,0,1,50000,1
389,14,73.3,363000,BC,UG,8.3,0.519,0,1,40000,1
389,15,73.3,363000,BC,UG,13.3,0.807,0,0,12000,1
390,1,53.0,171000,MBC,UG,3.0,0.855,1,0,12000,0
390,10,53.0,171000,MBC,UG,8.0,0.57,0,0,15000,1
391,6,42.3,198000,ST,UG,2.3,0.792,1,0,18000,0
392,3,70.7,720000,MBC,UG,20.7,0.9,0,1,50000,1
393,3,64.3,214000,MBC,UG,14.3,0.268,0,1,50000,0
394,3,75.5,391000,BC,UG,25.5,0.489,0,1,50000,1
394,5,75.5,391000,BC,UG,0.5,0.782,0,0,15000,0
394,14,75.5,391000,BC,UG,10.5,0.559,0,1,40000,1
394,15,75.5,391000,BC,UG,15.5,0.869,0,0,12000,0
395,3,78.4,96000,SC,UG,28.4,0.12,0,1,50000,1
395,5,78.4,96000,SC,UG,3.4,0.192,0,0,15000,1
395,6,78.4,96000,SC,UG,38.4,0.384,1,0,18000,0
395,10,78.4,96000,SC,UG,33.4,0.32,0,0,15000,1
395,13,78.4,96000,SC,UG,3.4,0.12,1,0,60000,1
395,14,78.4,96000,SC,UG,13.4,0.137,0,1,40000,0
395,15,78.4,96000,SC,UG,18.4,0.213,0,0,12000,1
397,3,79.1,426000,OC,UG,29.1,0.532,0,1,50000,1
397,5,79.1,426000,OC,UG,4.1,0.852,0,0,15000,0
397,14,79.1,426000,OC,UG,14.1,0.609,0,1,40000,0
397,15,79.1,426000,OC,UG,19.1,0.947,0,0,12000,1
398,10,72.8,266000,BC,UG,27.8,0.887,0,0,15000,1
398,15,72.8,266000,BC,UG,12.8,0.591,0,0,12000,1
400,1,61.5,127000,BC,UG,11.5,0.635,1,0,12000,1
400,10,61.5,127000,BC,UG,16.5,0.423,0,0,15000,1
400,15,61.5,127000,BC,UG,1.5,0.282,0,0,12000,1
401,14,67.8,603000,MBC,PG,2.8,0.861,0,1,40000,0
402,3,72.4,244000,OC,UG,22.4,0.305,0,1,50000,1
402,10,72.4,244000,OC,UG,27.4,0.813,0,0,15000,1
402,14,72.4,244000,OC,UG,7.4,0.349,0,1,40000,1
402,15,72.4,244000,OC,UG,12.4,0.542,0,0,12000,1
403,11,79.8,262000,BC,UG,9.8,0.524,0,0,20000,0
404,7,65.3,221000,MBC,PG,5.3,0.368,0,0,36000,1
404,15,65.3,221000,MBC,PG,5.3,0.491,0,0,12000,0
405,5,76.3,209000,MBC,UG,1.3,0.418,0,0,15000,0
405,10,76.3,209000,MBC,UG,31.3,0.697,0,0,15000,1
405,15,76.3,209000,MBC,UG,16.3,0.464,0,0,12000,1
406,3,66.8,450000,MBC,UG,16.8,0.562,0,1,50000,1
406,14,66.8,450000,MBC,UG,1.8,0.643,0,1,40000,1
406,15,66.8,450000,MBC,UG,6.8,1.0,0,0,12000,0
407,3,68.6,346000,MBC,Diploma,18.6,0.432,0,1,50000,1
408,3,80.0,438000,MBC,Diploma,30.0,0.547,0,1,50000,1
411,10,52.2,231000,BC,UG,7.2,0.77,0,0,15000,0
413,3,61.9,116000,OC,Diploma,11.9,0.145,0,1,50000,1
413,9,61.9,116000,OC,Diploma,1.9,0.29,0,0,10000,0
414,3,79.0,632000,BC,UG,29.0,0.79,0,1,50000,1
414,14,79.0,632000,BC,UG,14.0,0.903,0,1,40000,1
416,6,72.4,178000,SC,UG,32.4,0.712,1,0,18000,1
416,10,72.4,178000,SC,UG,27.4,0.593,0,0,15000,1
416,15,72.4,178000,SC,UG,12.4,0.396,0,0,12000,1
419,3,69.2,531000,MBC,UG,19.2,0.664,0,1,50000,1
419,14,69.2,531000,MBC,UG,4.2,0.759,0,1,40000,1
420,2,86.2,302000,BC,UG,6.2,0.671,0,0,20000,1
420,5,86.2,302000,BC,UG,11.2,0.604,0,0,15000,0
420,15,86.2,302000,BC,UG,26.2,0.671,0,0,12000,0
421,10,71.1,260000,MBC,UG,26.1,0.867,0,0,15000,1
421,15,71.1,260000,MBC,UG,11.1,0.578,0,0,12000,1
422,3,60.0,262000,SC,UG,10.0,0.328,0,1,50000,0
422,10,60.0,262000,SC,UG,15.0,0.873,0,0,15000,1
422,15,60.0,262000,SC,UG,0.0,0.582,0,0,12000,1
423,15,62.9,375000,MBC,UG,2.9,0.833,0,0,12000,1
425,3,59.3,331000,BC,UG,9.3,0.414,0,1,50000,0
426,9,65.7,172000,BC,Diploma,5.7,0.43,0,0,10000,0
427,5,79.6,486000,SC,UG,4.6,0.972,0,0,15000,0
427,13,79.6,486000,SC,UG,4.6,0.608,1,0,60000,0
428,3,90.6,515000,MBC,UG,40.6,0.644,0,1,50000,1
428,14,90.6,515000,MBC,UG,25.6,0.736,0,1,40000,0
431,10,57.5,252000,OC,UG,12.5,0.84,0,0,15000,1
432,5,75.7,170000,OC,UG,0.7,0.34,0,0,15000,1
432,10,75.7,170000,OC,UG,30.7,0.567,0,0,15000,1
432,15,75.7,170000,OC,UG,15.7,0.378,0,0,12000,0
433,10,68.4,176000,OC,UG,23.4,0.587,0,0,15000,1
433,15,68.4,176000,OC,UG,8.4,0.391,0,0,12000,1
435,2,81.1,342000,ST,UG,1.1,0.76,0,0,20000,0
435,12,81.1,342000,ST,UG,26.1,0.977,0,0,14000,0
435,13,81.1,342000,ST,UG,6.1,0.427,1,0,60000,1
436,12,62.7,282000,BC,UG,7.7,0.806,0,0,14000,1
437,10,63.6,228000,BC,UG,18.6,0.76,0,0,15000,0
437,15,63.6,228000,BC,UG,3.6,0.507,0,0,12000,0
438,10,57.2,50000,OC,UG,12.2,0.167,0,0,15000,1
439,1,62.1,140000,BC,UG,12.1,0.7,1,0,12000,1
439,3,62.1,140000,BC,UG,12.1,0.175,0,1,50000,1
439,10,62.1,140000,BC,UG,17.1,0.467,0,0,15000,0
439,15,62.1,140000,BC,UG,2.1,0.311,0,0,12000,1
440,13,75.1,581000,SC,UG,0.1,0.726,1,0,60000,0
441,1,67.7,199000,BC,UG,17.7,0.995,1,0,12000,1
441,10,67.7,199000,BC,UG,22.7,0.663,0,0,15000,1
441,15,67.7,199000,BC,UG,7.7,0.442,0,0,12000,0
442,15,73.9,368000,SC,UG,13.9,0.818,0,0,12000,0
443,6,74.3,129000,SC,UG,34.3,0.516,1,0,18000,1
443,10,74.3,129000,SC,UG,29.3,0.43,0,0,15000,1
443,15,74.3,129000,SC,UG,14.3,0.287,0,0,12000,0
445,3,65.9,272000,MBC,Diploma,15.9,0.34,0,1,50000,1
445,9,65.9,272000,MBC,Diploma,5.9,0.68,0,0,10000,1
446,3,52.3,353000,ST,Diploma,2.3,0.441,0,1,50000,1
448,3,66.0,737000,OC,UG,16.0,0.921,0,1,50000,0
449,2,83.4,247000,SC,UG,3.4,0.549,0,0,20000,0
449,4,83.4,247000,SC,UG,33.4,0.988,1,0,30000,1
449,5,83.4,247000,SC,UG,8.4,0.494,0,0,15000,0
449,6,83.4,247000,SC,UG,43.4,0.988,1,0,18000,1
449,10,83.4,247000,SC,UG,38.4,0.823,0,0,15000,1
449,13,83.4,247000,SC,UG,8.4,0.309,1,0,60000,0
449,15,83.4,247000,SC,UG,23.4,0.549,0,0,12000,1
450,6,74.6,208000,SC,UG,34.6,0.832,1,0,18000,1
450,10,74.6,208000,SC,UG,29.6,0.693,0,0,15000,1
450,15,74.6,208000,SC,UG,14.6,0.462,0,0,12000,1
451,3,68.4,244000,BC,UG,18.4,0.305,0,1,50000,0
451,10,68.4,244000,BC,UG,23.4,0.813,0,0,15000,1
451,14,68.4,244000,BC,UG,3.4,0.349,0,1,40000,0
451,15,68.4,244000,BC,UG,8.4,0.542,0,0,12000,0
452,3,74.2,403000,MBC,UG,24.2,0.504,0,1,50000,1
452,14,74.2,403000,MBC,UG,9.2,0.576,0,1,40000,0
452,15,74.2,403000,MBC,UG,14.2,0.896,0,0,12000,0
453,2,93.4,278000,BC,UG,13.4,0.618,0,0,20000,0
453,5,93.4,278000,BC,UG,18.4,0.556,0,0,15000,0
453,10,93.4,278000,BC,UG,48.4,0.927,0,0,15000,1
453,15,93.4,278000,BC,UG,33.4,0.618,0,0,12000,1
454,2,94.9,234000,SC,UG,14.9,0.52,0,0,20000,1
454,3,94.9,234000,SC,UG,44.9,0.292,0,1,50000,1
454,4,94.9,234000,SC,UG,44.9,0.936,1,0,30000,1
454,5,94.9,234000,SC,UG,19.9,0.468,0,0,15000,1
454,6,94.9,234000,SC,UG,54.9,0.936,1,0,18000,1
454,8,94.9,234000,SC,UG,44.9,0.78,1,1,25000,1
454,10,94.9,234000,SC,UG,49.9,0.78,0,0,15000,1
454,13,94.9,234000,SC,UG,19.9,0.292,1,0,60000,1
454,14,94.9,234000,SC,UG,29.9,0.334,0,1,40000,1
454,15,94.9,234000,SC,UG,34.9,0.52,0,0,12000,0
456,7,71.9,277000,OC,PG,11.9,0.462,0,0,36000,0
456,14,71.9,277000,OC,PG,6.9,0.396,0,1,40000,0
456,15,71.9,277000,OC,PG,11.9,0.616,0,0,12000,1
460,3,69.7,367000,BC,UG,19.7,0.459,0,1,50000,0
460,14,69.7,367000,BC,UG,4.7,0.524,0,1,40000,0
460,15,69.7,367000,BC,UG,9.7,0.816,0,0,12000,0
461,3,73.8,528000,OC,UG,23.8,0.66,0,1,50000,0
461,14,73.8,528000,OC,UG,8.8,0.754,0,1,40000,0
462,3,60.0,192000,ST,UG,10.0,0.24,0,1,50000,1
463,4,50.9,178000,ST,UG,0.9,0.712,1,0,30000,1
463,6,50.9,178000,ST,UG,10.9,0.712,1,0,18000,1
463,10,50.9,178000,ST,UG,5.9,0.593,0,0,15000,0
466,3,64.5,304000,BC,UG,14.5,0.38,0,1,50000,1
466,15,64.5,304000,BC,UG,4.5,0.676,0,0,12000,0
467,1,66.5,137000,BC,UG,16.5,0.685,1,0,12000,0
467,10,66.5,137000,BC,UG,21.5,0.457,0,0,15000,1
467,15,66.5,137000,BC,UG,6.5,0.304,0,0,12000,1
468,9,93.2,131000,OC,Diploma,33.2,0.328,0,0,10000,1
469,2,83.3,126000,OC,UG,3.3,0.28,0,0,20000,0
469,3,83.3,126000,OC,UG,33.3,0.158,0,1,50000,1
469,11,83.3,126000,OC,UG,13.3,0.252,0,0,20000,0
469,14,83.3,126000,OC,UG,18.3,0.18,0,1,40000,0
470,1,58.5,103000,BC,UG,8.5,0.515,1,0,12000,1
470,10,58.5,103000,BC,UG,13.5,0.343,0,0,15000,1
471,3,74.2,317000,SC,UG,24.2,0.396,0,1,50000,1
471,14,74.2,317000,SC,UG,9.2,0.453,0,1,40000,0
471,15,74.2,317000,SC,UG,14.2,0.704,0,0,12000,1
472,3,65.1,582000,OC,UG,15.1,0.728,0,1,50000,0
472,14,65.1,582000,OC,UG,0.1,0.831,0,1,40000,0
473,10,66.6,294000,BC,UG,21.6,0.98,0,0,15000,1
473,15,66.6,294000,BC,UG,6.6,0.653,0,0,12000,1
474,1,72.2,76000,BC,UG,22.2,0.38,1,0,12000,1
474,10,72.2,76000,BC,UG,27.2,0.253,0,0,15000,1
474,15,72.2,76000,BC,UG,12.2,0.169,0,0,12000,1
475,7,77.4,264000,BC,PG,17.4,0.44,0,0,36000,0
475,15,77.4,264000,BC,PG,17.4,0.587,0,0,12000,0
476,12,65.9,269000,OC,UG,10.9,0.769,0,0,14000,0
478,12,56.3,124000,BC,UG,1.3,0.354,0,0,14000,0
479,9,70.1,235000,MBC,Diploma,10.1,0.588,0,0,10000,0
481,3,72.7,388000,OC,Diploma,22.7,0.485,0,1,50000,1
481,9,72.7,388000,OC,Diploma,12.7,0.97,0,0,10000,0
482,2,87.2,416000,SC,UG,7.2,0.924,0,0,20000,0
482,3,87.2,416000,SC,UG,37.2,0.52,0,1,50000,1
482,5,87.2,416000,SC,UG,12.2,0.832,0,0,15000,1
482,13,87.2,416000,SC,UG,12.2,0.52,1,0,60000,1
482,14,87.2,416000,SC,UG,22.2,0.594,0,1,40000,1
482,15,87.2,416000,SC,UG,27.2,0.924,0,0,12000,1
483,15,71.1,318000,SC,UG,11.1,0.707,0,0,12000,1
484,3,77.0,361000,SC,UG,27.0,0.451,0,1,50000,1
484,5,77.0,361000,SC,UG,2.0,0.722,0,0,15000,1
484,13,77.0,361000,SC,UG,2.0,0.451,1,0,60000,0
484,14,77.0,361000,SC,UG,12.0,0.516,0,1,40000,0
484,15,77.0,361000,SC,UG,17.0,0.802,0,0,12000,0
486,1,68.0,182000,MBC,UG,18.0,0.91,1,0,12000,1
486,10,68.0,182000,MBC,UG,23.0,0.607,0,0,15000,1
486,15,68.0,182000,MBC,UG,8.0,0.404,0,0,12000,0
488,1,75.2,130000,MBC,UG,25.2,0.65,1,0,12000,1
488,5,75.2,130000,MBC,UG,0.2,0.26,0,0,15000,1
488,10,75.2,130000,MBC,UG,30.2,0.433,0,0,15000,1
488,15,75.2,130000,MBC,UG,15.2,0.289,0,0,12000,0
490,5,78.0,330000,ST,UG,3.0,0.66,0,0,15000,0
490,13,78.0,330000,ST,UG,3.0,0.412,1,0,60000,0
490,15,78.0,330000,ST,UG,18.0,0.733,0,0,12000,1
491,2,83.0,205000,MBC,UG,3.0,0.456,0,0,20000,0
491,4,83.0,205000,MBC,UG,33.0,0.82,1,0,30000,1
491,5,83.0,205000,MBC,UG,8.0,0.41,0,0,15000,1
491,10,83.0,205000,MBC,UG,38.0,0.683,0,0,15000,1
491,15,83.0,205000,MBC,UG,23.0,0.456,0,0,12000,1
492,12,74.4,293000,SC,UG,19.4,0.837,0,0,14000,1
493,7,66.6,204000,BC,PG,6.6,0.34,0,0,36000,1
493,14,66.6,204000,BC,PG,1.6,0.291,0,1,40000,0
493,15,66.6,204000,BC,PG,6.6,0.453,0,0,12000,1
494,3,75.4,156000,OC,UG,25.4,0.195,0,1,50000,1
494,12,75.4,156000,OC,UG,20.4,0.446,0,0,14000,0
494,14,75.4,156000,OC,UG,10.4,0.223,0,1,40000,0
495,7,66.3,240000,BC,PG,6.3,0.4,0,0,36000,1
495,14,66.3,240000,BC,PG,1.3,0.343,0,1,40000,0
496,1,81.2,153000,BC,UG,31.2,0.765,1,0,12000,1
496,2,81.2,153000,BC,UG,1.2,0.34,0,0,20000,1
496,3,81.2,153000,BC,UG,31.2,0.191,0,1,50000,1
496,5,81.2,153000,BC,UG,6.2,0.306,0,0,15000,1
496,10,81.2,153000,BC,UG,36.2,0.51,0,0,15000,1
496,14,81.2,153000,BC,UG,16.2,0.219,0,1,40000,1
496,15,81.2,153000,BC,UG,21.2,0.34,0,0,12000,1
498,1,66.0,149000,BC,UG,16.0,0.745,1,0,12000,1
498,10,66.0,149000,BC,UG,21.0,0.497,0,0,15000,1
498,15,66.0,149000,BC,UG,6.0,0.331,0,0,12000,1
500,1,52.1,146000,BC,UG,2.1,0.73,1,0,12000,0
500,10,52.1,146000,BC,UG,7.1,0.487,0,0,15000,1
501,2,86.4,211000,BC,UG,6.4,0.469,0,0,20000,1
501,12,86.4,211000,BC,UG,31.4,0.603,0,0,14000,1
502,2,80.7,204000,ST,UG,0.7,0.453,0,0,20000,1
502,3,80.7,204000,ST,UG,30.7,0.255,0,1,50000,0
502,5,80.7,204000,ST,UG,5.7,0.408,0,0,15000,1
502,6,80.7,204000,ST,UG,40.7,0.816,1,0,18000,1
502,10,80.7,204000,ST,UG,35.7,0.68,0,0,15000,1
502,13,80.7,204000,ST,UG,5.7,0.255,1,0,60000,1
502,14,80.7,204000,ST,UG,15.7,0.291,0,1,40000,1
502,15,80.7,204000,ST,UG,20.7,0.453,0,0,12000,0
504,3,52.0,362000,BC,UG,2.0,0.453,0,1,50000,0
506,9,63.5,400000,BC,Diploma,3.5,1.0,0,0,10000,1
507,1,99.0,84000,BC,UG,49.0,0.42,1,0,12000,1
507,2,99.0,84000,BC,UG,19.0,0.187,0,0,20000,1
507,3,99.0,84000,BC,UG,49.0,0.105,0,1,50000,1
507,5,99.0,84000,BC,UG,24.0,0.168,0,0,15000,1
507,10,99.0,84000,BC,UG,54.0,0.28,0,0,15000,1
507,14,99.0,84000,BC,UG,34.0,0.12,0,1,40000,1
507,15,99.0,84000,BC,UG,39.0,0.187,0,0,12000,1
508,5,75.2,289000,MBC,UG,0.2,0.578,0,0,15000,0
508,10,75.2,289000,MBC,UG,30.2,0.963,0,0,15000,1
508,15,75.2,289000,MBC,UG,15.2,0.642,0,0,12000,0
510,7,75.6,321000,BC,PG,15.6,0.535,0,0,36000,1
510,11,75.6,321000,BC,PG,5.6,0.642,0,0,20000,1
512,3,66.4,412000,OC,UG,16.4,0.515,0,1,50000,0
512,14,66.4,412000,OC,UG,1.4,0.589,0,1,40000,1
512,15,66.4,412000,OC,UG,6.4,0.916,0,0,12000,0
514,1,69.0,89000,BC,UG,19.0,0.445,1,0,12000,1
514,10,69.0,89000,BC,UG,24.0,0.297,0,0,15000,1
514,15,69.0,89000,BC,UG,9.0,0.198,0,0,12000,1
515,4,79.5,108000,OC,PG,29.5,0.432,1,0,30000,1
515,7,79.5,108000,OC,PG,19.5,0.18,0,0,36000,1
515,15,79.5,108000,OC,PG,19.5,0.24,0,0,12000,1
516,9,74.1,336000,MBC,Diploma,14.1,0.84,0,0,10000,0
517,1,78.0,193000,MBC,PG,28.0,0.965,1,0,12000,1
517,7,78.0,193000,MBC,PG,18.0,0.322,0,0,36000,1
517,14,78.0,193000,MBC,PG,13.0,0.276,0,1,40000,0
517,15,78.0,193000,MBC,PG,18.0,0.429,0,0,12000,0
518,3,61.7,652000,MBC,UG,11.7,0.815,0,1,50000,0
519,2,80.8,245000,BC,UG,0.8,0.544,0,0,20000,1
519,5,80.8,245000,BC,UG,5.8,0.49,0,0,15000,0
519,10,80.8,245000,BC,UG,35.8,0.817,0,0,15000,1
519,15,80.8,245000,BC,UG,20.8,0.544,0,0,12000,1
520,2,89.5,93000,MBC,UG,9.5,0.207,0,0,20000,0
520,3,89.5,93000,MBC,UG,39.5,0.116,0,1,50000,1
520,12,89.5,93000,MBC,UG,34.5,0.266,0,0,14000,1
520,14,89.5,93000,MBC,UG,24.5,0.133,0,1,40000,1
521,1,58.4,139000,BC,PG,8.4,0.695,1,0,12000,1
521,4,58.4,139000,BC,PG,8.4,0.556,1,0,30000,1
522,10,59.3,57000,OC,UG,14.3,0.19,0,0,15000,0
523,2,86.0,258000,OC,UG,6.0,0.573,0,0,20000,0
523,3,86.0,258000,OC,UG,36.0,0.323,0,1,50000,1
523,5,86.0,258000,OC,UG,11.0,0.516,0,0,15000,0
523,10,86.0,258000,OC,UG,41.0,0.86,0,0,15000,1
523,14,86.0,258000,OC,UG,21.0,0.369,0,1,40000,0
523,15,86.0,258000,OC,UG,26.0,0.573,0,0,12000,1
524,9,67.7,265000,MBC,Diploma,7.7,0.662,0,0,10000,1
525,2,86.8,230000,ST,UG,6.8,0.511,0,0,20000,1
525,5,86.8,230000,ST,UG,11.8,0.46,0,0,15000,1
525,6,86.8,230000,ST,UG,46.8,0.92,1,0,18000,1
525,10,86.8,230000,ST,UG,41.8,0.767,0,0,15000,1
525,13,86.8,230000,ST,UG,11.8,0.287,1,0,60000,1
525,15,86.8,230000,ST,UG,26.8,0.511,0,0,12000,1
528,3,71.6,268000,SC,UG,21.6,0.335,0,1,50000,0
528,10,71.6,268000,SC,UG,26.6,0.893,0,0,15000,1
528,14,71.6,268000,SC,UG,6.6,0.383,0,1,40000,1
528,15,71.6,268000,SC,UG,11.6,0.596,0,0,12000,1
529,6,73.1,82000,SC,UG,33.1,0.328,1,0,18000,1
529,10,73.1,82000,SC,UG,28.1,0.273,0,0,15000,1
529,15,73.1,82000,SC,UG,13.1,0.182,0,0,12000,0
530,2,88.8,429000,BC,UG,8.8,0.953,0,0,20000,1
531,15,65.7,414000,MBC,UG,5.7,0.92,0,0,12000,0
532,3,58.7,357000,MBC,UG,8.7,0.446,0,1,50000,0
533,3,64.6,534000,SC,UG,14.6,0.667,0,1,50000,1
534,3,75.4,147000,OC,UG,25.4,0.184,0,1,50000,1
534,5,75.4,147000,OC,UG,0.4,0.294,0,0,15000,1
534,10,75.4,147000,OC,UG,30.4,0.49,0,0,15000,1
534,14,75.4,147000,OC,UG,10.4,0.21,0,1,40000,1
534,15,75.4,147000,OC,UG,15.4,0.327,0,0,12000,1
536,3,77.6,167000,OC,UG,27.6,0.209,0,1,50000,1
536,5,77.6,167000,OC,UG,2.6,0.334,0,0,15000,0
536,10,77.6,167000,OC,UG,32.6,0.557,0,0,15000,1
536,14,77.6,167000,OC,UG,12.6,0.239,0,1,40000,1
536,15,77.6,167000,OC,UG,17.6,0.371,0,0,12000,1
537,3,63.5,465000,SC,UG,13.5,0.581,0,1,50000,1
538,7,83.8,108000,OC,PG,23.8,0.18,0,0,36000,1
538,14,83.8,108000,OC,PG,18.8,0.154,0,1,40000,1
538,15,83.8,108000,OC,PG,23.8,0.24,0,0,12000,1
543,15,73.0,342000,OC,UG,13.0,0.76,0,0,12000,1
544,3,67.8,278000,BC,UG,17.8,0.347,0,1,50000,0
544,12,67.8,278000,BC,UG,12.8,0.794,0,0,14000,0
544,14,67.8,278000,BC,UG,2.8,0.397,0,1,40000,1
545,3,67.0,672000,BC,UG,17.0,0.84,0,1,50000,0
545,14,67.0,672000,BC,UG,2.0,0.96,0,1,40000,0
546,10,68.1,257000,SC,UG,23.1,0.857,0,0,15000,1
546,15,68.1,257000,SC,UG,8.1,0.571,0,0,12000,0
547,7,72.4,102000,SC,PG,12.4,0.17,0,0,36000,1
547,11,72.4,102000,SC,PG,2.4,0.204,0,0,20000,1
548,1,57.9,183000,MBC,PG,7.9,0.915,1,0,12000,0
549,3,78.5,413000,OC,UG,28.5,0.516,0,1,50000,0
549,5,78.5,413000,OC,UG,3.5,0.826,0,0,15000,0
549,14,78.5,413000,OC,UG,13.5,0.59,0,1,40000,1
549,15,78.5,413000,OC,UG,18.5,0.918,0,0,12000,1
551,6,74.6,116000,SC,UG,34.6,0.464,1,0,18000,1
551,10,74.6,116000,SC,UG,29.6,0.387,0,0,15000,1
551,15,74.6,116000,SC,UG,14.6,0.258,0,0,12000,0
552,5,76.7,192000,OC,UG,1.7,0.384,0,0,15000,0
552,10,76.7,192000,OC,UG,31.7,0.64,0,0,15000,1
552,15,76.7,192000,OC,UG,16.7,0.427,0,0,12000,1
553,3,73.6,209000,BC,UG,23.6,0.261,0,1,50000,1
553,10,73.6,209000,BC,UG,28.6,0.697,0,0,15000,1
553,14,73.6,209000,BC,UG,8.6,0.299,0,1,40000,1
553,15,73.6,209000,BC,UG,13.6,0.464,0,0,12000,1
554,2,94.4,238000,ST,UG,14.4,0.529,0,0,20000,0
554,11,94.4,238000,ST,UG,24.4,0.476,0,0,20000,1
554,13,94.4,238000,ST,UG,19.4,0.297,1,0,60000,0
555,3,69.0,130000,ST,Diploma,19.0,0.163,0,1,50000,1
555,12,69.0,130000,ST,Diploma,14.0,0.371,0,0,14000,1
556,3,66.3,203000,BC,UG,16.3,0.254,0,1,50000,0
556,10,66.3,203000,BC,UG,21.3,0.677,0,0,15000,1
556,14,66.3,203000,BC,UG,1.3,0.29,0,1,40000,0
556,15,66.3,203000,BC,UG,6.3,0.451,0,0,12000,1
557,1,61.0,192000,MBC,UG,11.0,0.96,1,0,12000,0
557,10,61.0,192000,MBC,UG,16.0,0.64,0,0,15000,0
557,15,61.0,192000,MBC,UG,1.0,0.427,0,0,12000,1
558,3,57.6,471000,BC,UG,7.6,0.589,0,1,50000,1
559,3,55.1,482000,SC,UG,5.1,0.603,0,1,50000,1
560,3,59.3,272000,OC,Diploma,9.3,0.34,0,1,50000,0
561,4,69.2,234000,OC,UG,19.2,0.936,1,0,30000,1
561,10,69.2,234000,OC,UG,24.2,0.78,0,0,15000,0
561,15,69.2,234000,OC,UG,9.2,0.52,0,0,12000,0
562,7,74.0,323000,MBC,PG,14.0,0.538,0,0,36000,0
562,14,74.0,323000,MBC,PG,9.0,0.461,0,1,40000,1
562,15,74.0,323000,MBC,PG,14.0,0.718,0,0,12000,1
563,1,70.6,182000,BC,PG,20.6,0.91,1,0,12000,1
563,7,70.6,182000,BC,PG,10.6,0.303,0,0,36000,0
563,14,70.6,182000,BC,PG,5.6,0.26,0,1,40000,1
563,15,70.6,182000,BC,PG,10.6,0.404,0,0,12000,1
564,9,60.8,149000,MBC,Diploma,0.8,0.372,0,0,10000,1
565,2,80.8,169000,BC,UG,0.8,0.376,0,0,20000,0
565,11,80.8,169000,BC,UG,10.8,0.338,0,0,20000,1
566,3,78.9,203000,SC,UG,28.9,0.254,0,1,50000,1
566,5,78.9,203000,SC,UG,3.9,0.406,0,0,15000,1
566,6,78.9,203000,SC,UG,38.9,0.812,1,0,18000,1
566,10,78.9,203000,SC,UG,33.9,0.677,0,0,15000,1
566,13,78.9,203000,SC,UG,3.9,0.254,1,0,60000,0
566,14,78.9,203000,SC,UG,13.9,0.29,0,1,40000,1
566,15,78.9,203000,SC,UG,18.9,0.451,0,0,12000,0
567,6,68.1,148000,SC,PG,28.1,0.592,1,0,18000,1
567,7,68.1,148000,SC,PG,8.1,0.247,0,0,36000,0
567,14,68.1,148000,SC,PG,3.1,0.211,0,1,40000,1
567,15,68.1,148000,SC,PG,8.1,0.329,0,0,12000,1
568,7,62.2,327000,BC,PG,2.2,0.545,0,0,36000,0
569,3,76.6,459000,SC,UG,26.6,0.574,0,1,50000,1
569,13,76.6,459000,SC,UG,1.6,0.574,1,0,60000,0
569,14,76.6,459000,SC,UG,11.6,0.656,0,1,40000,1
570,1,72.3,114000,BC,PG,22.3,0.57,1,0,12000,1
570,7,72.3,114000,BC,PG,12.3,0.19,0,0,36000,1
570,15,72.3,114000,BC,PG,12.3,0.253,0,0,12000,1
572,3,69.2,260000,OC,UG,19.2,0.325,0,1,50000,0
572,10,69.2,260000,OC,UG,24.2,0.867,0,0,15000,1
572,14,69.2,260000,OC,UG,4.2,0.371,0,1,40000,0
572,15,69.2,260000,OC,UG,9.2,0.578,0,0,12000,0
573,7,73.1,364000,SC,PG,13.1,0.607,0,0,36000,1
573,11,73.1,364000,SC,PG,3.1,0.728,0,0,20000,0
574,10,59.2,294000,SC,UG,14.2,0.98,0,0,15000,1
575,3,72.3,124000,SC,UG,22.3,0.155,0,1,50000,1
575,6,72.3,124000,SC,UG,32.3,0.496,1,0,18000,1
575,10,72.3,124000,SC,UG,27.3,0.413,0,0,15000,1
575,14,72.3,124000,SC,UG,7.3,0.177,0,1,40000,1
575,15,72.3,124000,SC,UG,12.3,0.276,0,0,12000,0
576,6,52.5,139000,SC,Diploma,12.5,0.556,1,0,18000,1
577,7,86.0,302000,ST,PG,26.0,0.503,0,0,36000,1
577,13,86.0,302000,ST,PG,11.0,0.378,1,0,60000,1
577,15,86.0,302000,ST,PG,26.0,0.671,0,0,12000,0
578,7,85.0,550000,BC,PG,25.0,0.917,0,0,36000,1
579,6,67.0,79000,ST,UG,27.0,0.316,1,0,18000,1
579,10,67.0,79000,ST,UG,22.0,0.263,0,0,15000,1
579,15,67.0,79000,ST,UG,7.0,0.176,0,0,12000,0
580,9,74.4,365000,MBC,Diploma,14.4,0.912,0,0,10000,0
582,10,56.1,271000,MBC,UG,11.1,0.903,0,0,15000,0
583,15,66.5,413000,BC,UG,6.5,0.918,0,0,12000,0
584,12,57.1,194000,BC,PG,2.1,0.554,0,0,14000,0
585,3,78.6,276000,BC,Diploma,28.6,0.345,0,1,50000,0
585,12,78.6,276000,BC,Diploma,23.6,0.789,0,0,14000,1
586,7,94.0,112000,OC,PG,34.0,0.187,0,0,36000,1
586,14,94.0,112000,OC,PG,29.0,0.16,0,1,40000,1
586,15,94.0,112000,OC,PG,34.0,0.249,0,0,12000,1
587,1,55.9,73000,BC,UG,5.9,0.365,1,0,12000,1
587,3,55.9,73000,BC,UG,5.9,0.091,0,1,50000,1
587,10,55.9,73000,BC,UG,10.9,0.243,0,0,15000,1
589,1,72.8,164000,MBC,UG,22.8,0.82,1,0,12000,1
589,3,72.8,164000,MBC,UG,22.8,0.205,0,1,50000,1
589,10,72.8,164000,MBC,UG,27.8,0.547,0,0,15000,1
589,14,72.8,164000,MBC,UG,7.8,0.234,0,1,40000,0
589,15,72.8,164000,MBC,UG,12.8,0.364,0,0,12000,1
590,2,89.3,226000,BC,UG,9.3,0.502,0,0,20000,0
590,3,89.3,226000,BC,UG,39.3,0.282,0,1,50000,1
590,12,89.3,226000,BC,UG,34.3,0.646,0,0,14000,1
590,14,89.3,226000,BC,UG,24.3,0.323,0,1,40000,1
591,1,55.3,129000,BC,UG,5.3,0.645,1,0,12000,1
591,10,55.3,129000,BC,UG,10.3,0.43,0,0,15000,1
592,1,73.0,127000,BC,UG,23.0,0.635,1,0,12000,1
592,4,73.0,127000,BC,UG,23.0,0.508,1,0,30000,1
592,10,73.0,127000,BC,UG,28.0,0.423,0,0,15000,1
592,15,73.0,127000,BC,UG,13.0,0.282,0,0,12000,1
593,7,91.9,267000,BC,PG,31.9,0.445,0,0,36000,1
593,14,91.9,267000,BC,PG,26.9,0.381,0,1,40000,0
593,15,91.9,267000,BC,PG,31.9,0.593,0,0,12000,1
594,6,50.2,191000,SC,PG,10.2,0.764,1,0,18000,0
596,15,64.9,389000,MBC,UG,4.9,0.864,0,0,12000,0
597,15,63.8,360000,SC,UG,3.8,0.8,0,0,12000,0
598,5,79.8,342000,MBC,UG,4.8,0.684,0,0,15000,1
598,15,79.8,342000,MBC,UG,19.8,0.76,0,0,12000,1
599,3,72.9,764000,SC,UG,22.9,0.955,0,1,50000,1
600,10,48.7,156000,BC,UG,3.7,0.52,0,0,15000,0
601,11,76.2,287000,SC,UG,6.2,0.574,0,0,20000,0
601,13,76.2,287000,SC,UG,1.2,0.359,1,0,60000,0
602,3,63.1,585000,MBC,UG,13.1,0.731,0,1,50000,1
603,3,85.3,633000,SC,UG,35.3,0.791,0,1,50000,0
603,13,85.3,633000,SC,UG,10.3,0.791,1,0,60000,0
603,14,85.3,633000,SC,UG,20.3,0.904,0,1,40000,0
604,3,62.5,126000,MBC,UG,12.5,0.158,0,1,50000,1
604,4,62.5,126000,MBC,UG,12.5,0.504,1,0,30000,1
604,8,62.5,126000,MBC,UG,12.5,0.42,1,1,25000,1
604,12,62.5,126000,MBC,UG,7.5,0.36,0,0,14000,1
605,6,62.4,246000,SC,UG,22.4,0.984,1,0,18000,0
605,10,62.4,246000,SC,UG,17.4,0.82,0,0,15000,1
605,15,62.4,246000,SC,UG,2.4,0.547,0,0,12000,1
606,3,76.5,670000,ST,UG,26.5,0.838,0,1,50000,0
606,13,76.5,670000,ST,UG,1.5,0.838,1,0,60000,0
606,14,76.5,670000,ST,UG,11.5,0.957,0,1,40000,0
607,3,79.2,402000,BC,UG,29.2,0.502,0,1,50000,0
607,5,79.2,402000,BC,UG,4.2,0.804,0,0,15000,1
607,14,79.2,402000,BC,UG,14.2,0.574,0,1,40000,0
607,15,79.2,402000,BC,UG,19.2,0.893,0,0,12000,1
608,3,75.4,333000,SC,UG,25.4,0.416,0,1,50000,1
608,5,75.4,333000,SC,UG,0.4,0.666,0,0,15000,0
608,13,75.4,333000,SC,UG,0.4,0.416,1,0,60000,1
608,14,75.4,333000,SC,UG,10.4,0.476,0,1,40000,0
608,15,75.4,333000,SC,UG,15.4,0.74,0,0,12000,0
609,10,49.8,260000,MBC,UG,4.8,0.867,0,0,15000,1
610,5,76.5,236000,BC,UG,1.5,0.472,0,0,15000,1
610,10,76.5,236000,BC,UG,31.5,0.787,0,0,15000,1
610,15,76.5,236000,BC,UG,16.5,0.524,0,0,12000,0
611,3,57.6,353000,SC,UG,7.6,0.441,0,1,50000,1
612,9,72.8,255000,BC,Diploma,12.8,0.637,0,0,10000,0
613,3,52.9,289000,MBC,UG,2.9,0.361,0,1,50000,0
613,10,52.9,289000,MBC,UG,7.9,0.963,0,0,15000,0
614,5,75.4,311000,OC,UG,0.4,0.622,0,0,15000,0
614,15,75.4,311000,OC,UG,15.4,0.691,0,0,12000,1
615,1,60.3,197000,BC,UG,10.3,0.985,1,0,12000,1
615,3,60.3,197000,BC,UG,10.3,0.246,0,1,50000,1
615,4,60.3,197000,BC,UG,10.3,0.788,1,0,30000,0
615,8,60.3,197000,BC,UG,10.3,0.657,1,1,25000,1
615,10,60.3,197000,BC,UG,15.3,0.657,0,0,15000,1
615,15,60.3,197000,BC,UG,0.3,0.438,0,0,12000,0
618,1,72.9,102000,BC,PG,22.9,0.51,1,0,12000,1
618,7,72.9,102000,BC,PG,12.9,0.17,0,0,36000,0
618,15,72.9,102000,BC,PG,12.9,0.227,0,0,12000,0
619,15,62.6,360000,BC,UG,2.6,0.8,0,0,12000,1
620,1,87.4,188000,BC,UG,37.4,0.94,1,0,12000,1
620,2,87.4,188000,BC,UG,7.4,0.418,0,0,20000,0
620,4,87.4,188000,BC,UG,37.4,0.752,1,0,30000,0
620,5,87.4,188000,BC,UG,12.4,0.376,0,0,15000,1
620,10,87.4,188000,BC,UG,42.4,0.627,0,0,15000,1
620,15,87.4,188000,BC,UG,27.4,0.418,0,0,12000,1
622,15,70.4,305000,SC,UG,10.4,0.678,0,0,12000,1
623,3,73.2,468000,OC,UG,23.2,0.585,0,1,50000,1
623,11,73.2,468000,OC,UG,3.2,0.936,0,0,20000,0
623,14,73.2,468000,OC,UG,8.2,0.669,0,1,40000,0
624,3,62.6,600000,MBC,UG,12.6,0.75,0,1,50000,1
625,3,75.7,333000,BC,UG,25.7,0.416,0,1,50000,1
625,5,75.7,333000,BC,UG,0.7,0.666,0,0,15000,0
625,14,75.7,333000,BC,UG,10.7,0.476,0,1,40000,1
625,15,75.7,333000,BC,UG,15.7,0.74,0,0,12000,1
627,1,65.1,73000,BC,PG,15.1,0.365,1,0,12000,1
627,7,65.1,73000,BC,PG,5.1,0.122,0,0,36000,1
627,14,65.1,73000,BC,PG,0.1,0.104,0,1,40000,1
627,15,65.1,73000,BC,PG,5.1,0.162,0,0,12000,1
628,3,86.4,770000,BC,Diploma,36.4,0.963,0,1,50000,1
631,1,89.3,143000,BC,UG,39.3,0.715,1,0,12000,1
631,2,89.3,143000,BC,UG,9.3,0.318,0,0,20000,0
631,3,89.3,143000,BC,UG,39.3,0.179,0,1,50000,1
631,4,89.3,143000,BC,UG,39.3,0.572,1,0,30000,1
631,5,89.3,143000,BC,UG,14.3,0.286,0,0,15000,1
631,8,89.3,143000,BC,UG,39.3,0.477,1,1,25000,1
631,10,89.3,143000,BC,UG,44.3,0.477,0,0,15000,1
631,14,89.3,143000,BC,UG,24.3,0.204,0,1,40000,1
631,15,89.3,143000,BC,UG,29.3,0.318,0,0,12000,1
632,1,99.0,180000,BC,UG,49.0,0.9,1,0,12000,1
632,2,99.0,180000,BC,UG,19.0,0.4,0,0,20000,0
632,5,99.0,180000,BC,UG,24.0,0.36,0,0,15000,0
632,10,99.0,180000,BC,UG,54.0,0.6,0,0,15000,1
632,15,99.0,180000,BC,UG,39.0,0.4,0,0,12000,1
633,9,65.1,324000,SC,Diploma,5.1,0.81,0,0,10000,0
634,10,46.8,294000,MBC,UG,1.8,0.98,0,0,15000,0
635,7,66.3,351000,BC,PG,6.3,0.585,0,0,36000,1
635,15,66.3,351000,BC,PG,6.3,0.78,0,0,12000,1
636,7,66.6,568000,SC,PG,6.6,0.947,0,0,36000,1
636,14,66.6,568000,SC,PG,1.6,0.811,0,1,40000,0
637,3,67.7,103000,SC,UG,17.7,0.129,0,1,50000,1
637,6,67.7,103000,SC,UG,27.7,0.412,1,0,18000,1
637,10,67.7,103000,SC,UG,22.7,0.343,0,0,15000,1
637,14,67.7,103000,SC,UG,2.7,0.147,0,1,40000,1
637,15,67.7,103000,SC,UG,7.7,0.229,0,0,12000,1
638,3,56.6,532000,OC,UG,6.6,0.665,0,1,50000,1
639,5,77.0,298000,MBC,UG,2.0,0.596,0,0,15000,1
639,10,77.0,298000,MBC,UG,32.0,0.993,0,0,15000,1
639,15,77.0,298000,MBC,UG,17.0,0.662,0,0,12000,0
640,9,76.3,262000,BC,Diploma,16.3,0.655,0,0,10000,1
642,5,78.4,401000,BC,UG,3.4,0.802,0,0,15000,0
642,15,78.4,401000,BC,UG,18.4,0.891,0,0,12000,1
643,1,94.6,70000,MBC,UG,44.6,0.35,1,0,12000,1
643,2,94.6,70000,MBC,UG,14.6,0.156,0,0,20000,1
643,3,94.6,70000,MBC,UG,44.6,0.087,0,1,50000,1
643,5,94.6,70000,MBC,UG,19.6,0.14,0,0,15000,1
643,10,94.6,70000,MBC,UG,49.6,0.233,0,0,15000,1
643,14,94.6,70000,MBC,UG,29.6,0.1,0,1,40000,1
643,15,94.6,70000,MBC,UG,34.6,0.156,0,0,12000,1
644,3,72.1,438000,BC,UG,22.1,0.547,0,1,50000,1
644,14,72.1,438000,BC,UG,7.1,0.626,0,1,40000,0
645,1,66.0,121000,BC,UG,16.0,0.605,1,0,12000,1
645,10,66.0,121000,BC,UG,21.0,0.403,0,0,15000,1
645,15,66.0,121000,BC,UG,6.0,0.269,0,0,12000,1
646,3,68.3,306000,ST,UG,18.3,0.383,0,1,50000,1
646,14,68.3,306000,ST,UG,3.3,0.437,0,1,40000,0
646,15,68.3,306000,ST,UG,8.3,0.68,0,0,12000,1
647,7,77.4,276000,BC,PG,17.4,0.46,0,0,36000,0
647,15,77.4,276000,BC,PG,17.4,0.613,0,0,12000,1
649,7,72.0,266000,ST,PG,12.0,0.443,0,0,36000,1
649,15,72.0,266000,ST,PG,12.0,0.591,0,0,12000,1
650,12,65.3,196000,SC,UG,10.3,0.56,0,0,14000,0
651,2,92.2,219000,OC,UG,12.2,0.487,0,0,20000,1
651,12,92.2,219000,OC,UG,37.2,0.626,0,0,14000,1
652,3,67.9,636000,SC,UG,17.9,0.795,0,1,50000,1
652,14,67.9,636000,SC,UG,2.9,0.909,0,1,40000,0
653,7,90.0,409000,OC,PG,30.0,0.682,0,0,36000,1
653,14,90.0,409000,OC,PG,25.0,0.584,0,1,40000,1
653,15,90.0,409000,OC,PG,30.0,0.909,0,0,12000,1
655,3,77.0,257000,SC,UG,27.0,0.321,0,1,50000,1
655,5,77.0,257000,SC,UG,2.0,0.514,0,0,15000,1
655,8,77.0,257000,SC,UG,27.0,0.857,1,1,25000,0
655,10,77.0,257000,SC,UG,32.0,0.857,0,0,15000,1
655,13,77.0,257000,SC,UG,2.0,0.321,1,0,60000,0
655,14,77.0,257000,SC,UG,12.0,0.367,0,1,40000,0
655,15,77.0,257000,SC,UG,17.0,0.571,0,0,12000,1
656,1,73.8,116000,MBC,UG,23.8,0.58,1,0,12000,1
656,3,73.8,116000,MBC,UG,23.8,0.145,0,1,50000,1
656,10,73.8,116000,MBC,UG,28.8,0.387,0,0,15000,1
656,14,73.8,116000,MBC,UG,8.8,0.166,0,1,40000,1
656,15,73.8,116000,MBC,UG,13.8,0.258,0,0,12000,1
658,1,72.1,103000,BC,UG,22.1,0.515,1,0,12000,1
658,10,72.1,103000,BC,UG,27.1,0.343,0,0,15000,0
658,15,72.1,103000,BC,UG,12.1,0.229,0,0,12000,1
659,5,84.6,466000,SC,UG,9.6,0.932,0,0,15000,1
659,13,84.6,466000,SC,UG,9.6,0.583,1,0,60000,0
660,7,66.1,320000,MBC,PG,6.1,0.533,0,0,36000,0
660,14,66.1,320000,MBC,PG,1.1,0.457,0,1,40000,1
660,15,66.1,320000,MBC,PG,6.1,0.711,0,0,12000,1
662,6,69.8,153000,SC,UG,29.8,0.612,1,0,18000,1
662,10,69.8,153000,SC,UG,24.8,0.51,0,0,15000,1
662,15,69.8,153000,SC,UG,9.8,0.34,0,0,12000,0
663,3,59.2,279000,BC,UG,9.2,0.349,0,1,50000,1
663,12,59.2,279000,BC,UG,4.2,0.797,0,0,14000,0
665,3,69.0,606000,MBC,UG,19.0,0.757,0,1,50000,0
665,14,69.0,606000,MBC,UG,4.0,0.866,0,1,40000,0
666,6,49.5,195000,ST,UG,9.5,0.78,1,0,18000,1
666,10,49.5,195000,ST,UG,4.5,0.65,0,0,15000,1
667,3,50.6,339000,BC,UG,0.6,0.424,0,1,50000,0
668,12,75.8,297000,BC,UG,20.8,0.849,0,0,14000,0
671,5,79.4,281000,BC,UG,4.4,0.562,0,0,15000,1
671,10,79.4,281000,BC,UG,34.4,0.937,0,0,15000,1
671,15,79.4,281000,BC,UG,19.4,0.624,0,0,12000,0
672,1,73.3,114000,BC,UG,23.3,0.57,1,0,12000,1
672,10,73.3,114000,BC,UG,28.3,0.38,0,0,15000,1
672,15,73.3,114000,BC,UG,13.3,0.253,0,0,12000,0
673,15,61.4,322000,ST,UG,1.4,0.716,0,0,12000,0
674,3,54.2,388000,OC,Diploma,4.2,0.485,0,1,50000,1
675,2,80.0,259000,MBC,UG,0.0,0.576,0,0,20000,0
675,5,80.0,259000,MBC,UG,5.0,0.518,0,0,15000,0
675,10,80.0,259000,MBC,UG,35.0,0.863,0,0,15000,1
675,15,80.0,259000,MBC,UG,20.0,0.576,0,0,12000,1
676,1,74.2,113000,BC,UG,24.2,0.565,1,0,12000,1
676,3,74.2,113000,BC,UG,24.2,0.141,0,1,50000,1
676,10,74.2,113000,BC,UG,29.2,0.377,0,0,15000,1
676,14,74.2,113000,BC,UG,9.2,0.161,0,1,40000,1
676,15,74.2,113000,BC,UG,14.2,0.251,0,0,12000,1
677,3,98.6,537000,SC,UG,48.6,0.671,0,1,50000,1
677,13,98.6,537000,SC,UG,23.6,0.671,1,0,60000,1
677,14,98.6,537000,SC,UG,33.6,0.767,0,1,40000,1
678,3,75.0,369000,BC,UG,25.0,0.461,0,1,50000,1
678,5,75.0,369000,BC,UG,0.0,0.738,0,0,15000,1
678,14,75.0,369000,BC,UG,10.0,0.527,0,1,40000,1
678,15,75.0,369000,BC,UG,15.0,0.82,0,0,12000,1
679,1,74.7,192000,BC,UG,24.7,0.96,1,0,12000,0
679,3,74.7,192000,BC,UG,24.7,0.24,0,1,50000,0
679,10,74.7,192000,BC,UG,29.7,0.64,0,0,15000,1
679,14,74.7,192000,BC,UG,9.7,0.274,0,1,40000,1
679,15,74.7,192000,BC,UG,14.7,0.427,0,0,12000,1
680,10,68.0,251000,OC,UG,23.0,0.837,0,0,15000,1
680,15,68.0,251000,OC,UG,8.0,0.558,0,0,12000,0
681,1,79.8,121000,MBC,PG,29.8,0.605,1,0,12000,1
681,7,79.8,121000,MBC,PG,19.8,0.202,0,0,36000,1
681,14,79.8,121000,MBC,PG,14.8,0.173,0,1,40000,0
681,15,79.8,121000,MBC,PG,19.8,0.269,0,0,12000,1
682,3,77.5,160000,SC,UG,27.5,0.2,0,1,50000,1
682,5,77.5,160000,SC,UG,2.5,0.32,0,0,15000,0
682,6,77.5,160000,SC,UG,37.5,0.64,1,0,18000,1
682,10,77.5,160000,SC,UG,32.5,0.533,0,0,15000,1
682,13,77.5,160000,SC,UG,2.5,0.2,1,0,60000,1
682,14,77.5,160000,SC,UG,12.5,0.229,0,1,40000,1
682,15,77.5,160000,SC,UG,17.5,0.356,0,0,12000,1
683,2,85.0,215000,OC,UG,5.0,0.478,0,0,20000,0
683,3,85.0,215000,OC,UG,35.0,0.269,0,1,50000,1
683,5,85.0,215000,OC,UG,10.0,0.43,0,0,15000,1
683,10,85.0,215000,OC,UG,40.0,0.717,0,0,15000,1
683,14,85.0,215000,OC,UG,20.0,0.307,0,1,40000,1
683,15,85.0,215000,OC,UG,25.0,0.478,0,0,12000,1
684,3,63.7,620000,BC,UG,13.7,0.775,0,1,50000,0
685,3,64.8,202000,SC,UG,14.8,0.253,0,1,50000,1
685,6,64.8,202000,SC,UG,24.8,0.808,1,0,18000,1
685,10,64.8,202000,SC,UG,19.8,0.673,0,0,15000,1
685,15,64.8,202000,SC,UG,4.8,0.449,0,0,12000,1
686,3,64.3,435000,OC,Diploma,14.3,0.544,0,1,50000,1
687,3,79.5,215000,BC,UG,29.5,0.269,0,1,50000,1
687,12,79.5,215000,BC,UG,24.5,0.614,0,0,14000,1
687,14,79.5,215000,BC,UG,14.5,0.307,0,1,40000,1
688,7,88.0,344000,MBC,PG,28.0,0.573,0,0,36000,0
688,15,88.0,344000,MBC,PG,28.0,0.764,0,0,12000,1
689,7,64.5,272000,BC,PG,4.5,0.453,0,0,36000,0
689,15,64.5,272000,BC,PG,4.5,0.604,0,0,12000,0
691,3,73.8,215000,BC,UG,23.8,0.269,0,1,50000,0
691,10,73.8,215000,BC,UG,28.8,0.717,0,0,15000,1
691,14,73.8,215000,BC,UG,8.8,0.307,0,1,40000,1
691,15,73.8,215000,BC,UG,13.8,0.478,0,0,12000,0
692,10,67.1,115000,OC,UG,22.1,0.383,0,0,15000,0
692,15,67.1,115000,OC,UG,7.1,0.256,0,0,12000,0
693,1,81.4,129000,BC,PG,31.4,0.645,1,0,12000,1
693,7,81.4,129000,BC,PG,21.4,0.215,0,0,36000,1
693,15,81.4,129000,BC,PG,21.4,0.287,0,0,12000,1
695,1,60.1,140000,MBC,UG,10.1,0.7,1,0,12000,1
695,10,60.1,140000,MBC,UG,15.1,0.467,0,0,15000,0
695,15,60.1,140000,MBC,UG,0.1,0.311,0,0,12000,1
696,7,60.6,379000,OC,PG,0.6,0.632,0,0,36000,1
696,15,60.6,379000,OC,PG,0.6,0.842,0,0,12000,0
697,6,42.2,224000,SC,PG,2.2,0.896,1,0,18000,1
699,6,59.0,105000,SC,UG,19.0,0.42,1,0,18000,1
699,10,59.0,105000,SC,UG,14.0,0.35,0,0,15000,1
700,7,67.6,335000,BC,PG,7.6,0.558,0,0,36000,1
700,14,67.6,335000,BC,PG,2.6,0.479,0,1,40000,0
700,15,67.6,335000,BC,PG,7.6,0.744,0,0,12000,1
701,2,83.4,151000,SC,UG,3.4,0.336,0,0,20000,1
701,3,83.4,151000,SC,UG,33.4,0.189,0,1,50000,1
701,5,83.4,151000,SC,UG,8.4,0.302,0,0,15000,0
701,6,83.4,151000,SC,UG,43.4,0.604,1,0,18000,1
701,10,83.4,151000,SC,UG,38.4,0.503,0,0,15000,1
701,13,83.4,151000,SC,UG,8.4,0.189,1,0,60000,0
701,14,83.4,151000,SC,UG,18.4,0.216,0,1,40000,1
701,15,83.4,151000,SC,UG,23.4,0.336,0,0,12000,1
702,4,67.1,221000,BC,PG,17.1,0.884,1,0,30000,1
702,7,67.1,221000,BC,PG,7.1,0.368,0,0,36000,0
702,8,67.1,221000,BC,PG,17.1,0.737,1,1,25000,1
702,14,67.1,221000,BC,PG,2.1,0.316,0,1,40000,0
702,15,67.1,221000,BC,PG,7.1,0.491,0,0,12000,0
703,3,57.6,323000,OC,UG,7.6,0.404,0,1,50000,1
704,1,69.3,73000,BC,UG,19.3,0.365,1,0,12000,1
704,10,69.3,73000,BC,UG,24.3,0.243,0,0,15000,1
704,15,69.3,73000,BC,UG,9.3,0.162,0,0,12000,1
705,7,82.6,342000,OC,PG,22.6,0.57,0,0,36000,1
705,11,82.6,342000,OC,PG,12.6,0.684,0,0,20000,0
705,14,82.6,342000,OC,PG,17.6,0.489,0,1,40000,1
707,10,59.1,226000,MBC,UG,14.1,0.753,0,0,15000,1
708,3,76.7,347000,SC,UG,26.7,0.434,0,1,50000,1
708,5,76.7,347000,SC,UG,1.7,0.694,0,0,15000,0
708,13,76.7,347000,SC,UG,1.7,0.434,1,0,60000,1
708,14,76.7,347000,SC,UG,11.7,0.496,0,1,40000,1
708,15,76.7,347000,SC,UG,16.7,0.771,0,0,12000,0
710,7,77.8,269000,SC,PG,17.8,0.448,0,0,36000,1
710,8,77.8,269000,SC,PG,27.8,0.897,1,1,25000,1
710,11,77.8,269000,SC,PG,7.8,0.538,0,0,20000,1
710,13,77.8,269000,SC,PG,2.8,0.336,1,0,60000,0
710,14,77.8,269000,SC,PG,12.8,0.384,0,1,40000,1
711,3,69.8,209000,SC,UG,19.8,0.261,0,1,50000,1
711,4,69.8,209000,SC,UG,19.8,0.836,1,0,30000,1
711,8,69.8,209000,SC,UG,19.8,0.697,1,1,25000,1
711,12,69.8,209000,SC,UG,14.8,0.597,0,0,14000,0
711,14,69.8,209000,SC,UG,4.8,0.299,0,1,40000,1
712,5,78.4,76000,SC,UG,3.4,0.152,0,0,15000,0
712,6,78.4,76000,SC,UG,38.4,0.304,1,0,18000,1
712,10,78.4,76000,SC,UG,33.4,0.253,0,0,15000,1
712,13,78.4,76000,SC,UG,3.4,0.095,1,0,60000,0
712,15,78.4,76000,SC,UG,18.4,0.169,0,0,12000,1
713,3,57.6,436000,MBC,UG,7.6,0.545,0,1,50000,0
714,3,69.9,277000,MBC,Diploma,19.9,0.346,0,1,50000,1
714,9,69.9,277000,MBC,Diploma,9.9,0.693,0,0,10000,1
715,1,67.5,162000,BC,UG,17.5,0.81,1,0,12000,1
715,10,67.5,162000,BC,UG,22.5,0.54,0,0,15000,1
715,15,67.5,162000,BC,UG,7.5,0.36,0,0,12000,1
716,3,55.4,320000,MBC,Diploma,5.4,0.4,0,1,50000,0
717,6,51.2,209000,SC,PG,11.2,0.836,1,0,18000,1
718,3,78.2,216000,OC,UG,28.2,0.27,0,1,50000,1
718,5,78.2,216000,OC,UG,3.2,0.432,0,0,15000,1
718,10,78.2,216000,OC,UG,33.2,0.72,0,0,15000,1
718,14,78.2,216000,OC,UG,13.2,0.309,0,1,40000,1
718,15,78.2,216000,OC,UG,18.2,0.48,0,0,12000,0
719,7,65.8,427000,BC,PG,5.8,0.712,0,0,36000,0
720,3,57.7,133000,OC,UG,7.7,0.166,0,1,50000,1
720,10,57.7,133000,OC,UG,12.7,0.443,0,0,15000,1
721,3,68.8,556000,ST,UG,18.8,0.695,0,1,50000,1
721,14,68.8,556000,ST,UG,3.8,0.794,0,1,40000,0
722,1,83.5,128000,BC,UG,33.5,0.64,1,0,12000,1
722,2,83.5,128000,BC,UG,3.5,0.284,0,0,20000,1
722,3,83.5,128000,BC,UG,33.5,0.16,0,1,50000,1
722,5,83.5,128000,BC,UG,8.5,0.256,0,0,15000,1
722,10,83.5,128000,BC,UG,38.5,0.427,0,0,15000,1
722,14,83.5,128000,BC,UG,18.5,0.183,0,1,40000,0
722,15,83.5,128000,BC,UG,23.5,0.284,0,0,12000,1
726,12,87.5,314000,OC,Diploma,32.5,0.897,0,0,14000,1
727,3,73.4,169000,SC,UG,23.4,0.211,0,1,50000,1
727,12,73.4,169000,SC,UG,18.4,0.483,0,0,14000,1
727,14,73.4,169000,SC,UG,8.4,0.241,0,1,40000,1
728,7,79.2,216000,SC,PG,19.2,0.36,0,0,36000,1
728,11,79.2,216000,SC,PG,9.2,0.432,0,0,20000,0
728,13,79.2,216000,SC,PG,4.2,0.27,1,0,60000,1
728,14,79.2,216000,SC,PG,14.2,0.309,0,1,40000,1
729,12,56.3,310000,OC,PG,1.3,0.886,0,0,14000,0
731,3,75.4,281000,BC,UG,25.4,0.351,0,1,50000,1
731,11,75.4,281000,BC,UG,5.4,0.562,0,0,20000,1
731,14,75.4,281000,BC,UG,10.4,0.401,0,1,40000,0
732,3,70.7,291000,MBC,UG,20.7,0.364,0,1,50000,1
732,10,70.7,291000,MBC,UG,25.7,0.97,0,0,15000,1
732,14,70.7,291000,MBC,UG,5.7,0.416,0,1,40000,0
732,15,70.7,291000,MBC,UG,10.7,0.647,0,0,12000,1
733,7,76.6,261000,BC,PG,16.6,0.435,0,0,36000,1
733,11,76.6,261000,BC,PG,6.6,0.522,0,0,20000,0
733,14,76.6,261000,BC,PG,11.6,0.373,0,1,40000,0
734,1,67.7,125000,BC,UG,17.7,0.625,1,0,12000,1
734,10,67.7,125000,BC,UG,22.7,0.417,0,0,15000,1
734,15,67.7,125000,BC,UG,7.7,0.278,0,0,12000,0
735,7,73.3,218000,OC,PG,13.3,0.363,0,0,36000,1
735,11,73.3,218000,OC,PG,3.3,0.436,0,0,20000,1
735,14,73.3,218000,OC,PG,8.3,0.311,0,1,40000,1
736,3,71.9,513000,OC,UG,21.9,0.641,0,1,50000,1
736,14,71.9,513000,OC,UG,6.9,0.733,0,1,40000,1
737,3,79.3,130000,OC,UG,29.3,0.163,0,1,50000,1
737,5,79.3,130000,OC,UG,4.3,0.26,0,0,15000,1
737,10,79.3,130000,OC,UG,34.3,0.433,0,0,15000,1
737,14,79.3,130000,OC,UG,14.3,0.186,0,1,40000,0
737,15,79.3,130000,OC,UG,19.3,0.289,0,0,12000,1
738,12,79.7,265000,MBC,UG,24.7,0.757,0,0,14000,1
739,1,50.6,181000,BC,UG,0.6,0.905,1,0,12000,0
739,10,50.6,181000,BC,UG,5.6,0.603,0,0,15000,0
741,2,82.0,235000,MBC,UG,2.0,0.522,0,0,20000,0
741,3,82.0,235000,MBC,UG,32.0,0.294,0,1,50000,1
741,5,82.0,235000,MBC,UG,7.0,0.47,0,0,15000,0
741,10,82.0,235000,MBC,UG,37.0,0.783,0,0,15000,1
741,14,82.0,235000,MBC,UG,17.0,0.336,0,1,40000,1
741,15,82.0,235000,MBC,UG,22.0,0.522,0,0,12000,1
744,6,47.7,135000,ST,Diploma,7.7,0.54,1,0,18000,0
745,15,71.2,444000,BC,UG,11.2,0.987,0,0,12000,0
746,2,81.2,186000,SC,UG,1.2,0.413,0,0,20000,1
746,3,81.2,186000,SC,UG,31.2,0.233,0,1,50000,1
746,5,81.2,186000,SC,UG,6.2,0.372,0,0,15000,0
746,6,81.2,186000,SC,UG,41.2,0.744,1,0,18000,1
746,10,81.2,186000,SC,UG,36.2,0.62,0,0,15000,1
746,13,81.2,186000,SC,UG,6.2,0.233,1,0,60000,1
746,14,81.2,186000,SC,UG,16.2,0.266,0,1,40000,1
746,15,81.2,186000,SC,UG,21.2,0.413,0,0,12000,1
747,2,91.6,210000,OC,UG,11.6,0.467,0,0,20000,1
747,3,91.6,210000,OC,UG,41.6,0.263,0,1,50000,0
747,4,91.6,210000,OC,UG,41.6,0.84,1,0,30000,1
747,5,91.6,210000,OC,UG,16.6,0.42,0,0,15000,1
747,8,91.6,210000,OC,UG,41.6,0.7,1,1,25000,1
747,10,91.6,210000,OC,UG,46.6,0.7,0,0,15000,1
747,14,91.6,210000,OC,UG,26.6,0.3,0,1,40000,1
747,15,91.6,210000,OC,UG,31.6,0.467,0,0,12000,1
749,4,65.5,221000,ST,UG,15.5,0.884,1,0,30000,0
749,6,65.5,221000,ST,UG,25.5,0.884,1,0,18000,0
749,10,65.5,221000,ST,UG,20.5,0.737,0,0,15000,1
749,15,65.5,221000,ST,UG,5.5,0.491,0,0,12000,0
751,1,70.1,186000,MBC,UG,20.1,0.93,1,0,12000,1
751,10,70.1,186000,MBC,UG,25.1,0.62,0,0,15000,1
751,15,70.1,186000,MBC,UG,10.1,0.413,0,0,12000,1
752,3,66.4,205000,MBC,UG,16.4,0.256,0,1,50000,1
752,12,66.4,205000,MBC,UG,11.4,0.586,0,0,14000,0
752,14,66.4,205000,MBC,UG,1.4,0.293,0,1,40000,0
753,1,57.8,200000,BC,UG,7.8,1.0,1,0,12000,1
753,10,57.8,200000,BC,UG,12.8,0.667,0,0,15000,0
754,2,94.6,211000,MBC,UG,14.6,0.469,0,0,20000,0
754,5,94.6,211000,MBC,UG,19.6,0.422,0,0,15000,1
754,10,94.6,211000,MBC,UG,49.6,0.703,0,0,15000,1
754,15,94.6,211000,MBC,UG,34.6,0.469,0,0,12000,1
755,13,91.4,574000,SC,UG,16.4,0.718,1,0,60000,0
756,2,83.6,432000,ST,UG,3.6,0.96,0,0,20000,0
756,3,83.6,432000,ST,UG,33.6,0.54,0,1,50000,1
756,5,83.6,432000,ST,UG,8.6,0.864,0,0,15000,0
756,13,83.6,432000,ST,UG,8.6,0.54,1,0,60000,1
756,14,83.6,432000,ST,UG,18.6,0.617,0,1,40000,0
756,15,83.6,432000,ST,UG,23.6,0.96,0,0,12000,1
759,1,77.7,160000,MBC,UG,27.7,0.8,1,0,12000,1
759,5,77.7,160000,MBC,UG,2.7,0.32,0,0,15000,1
759,10,77.7,160000,MBC,UG,32.7,0.533,0,0,15000,1
759,15,77.7,160000,MBC,UG,17.7,0.356,0,0,12000,1
760,5,75.3,309000,OC,UG,0.3,0.618,0,0,15000,1
760,15,75.3,309000,OC,UG,15.3,0.687,0,0,12000,0
761,1,85.0,146000,BC,UG,35.0,0.73,1,0,12000,1
761,2,85.0,146000,BC,UG,5.0,0.324,0,0,20000,0
761,5,85.0,146000,BC,UG,10.0,0.292,0,0,15000,0
761,10,85.0,146000,BC,UG,40.0,0.487,0,0,15000,1
761,15,85.0,146000,BC,UG,25.0,0.324,0,0,12000,1
762,3,77.6,186000,BC,UG,27.6,0.233,0,1,50000,1
762,12,77.6,186000,BC,UG,22.6,0.531,0,0,14000,1
762,14,77.6,186000,BC,UG,12.6,0.266,0,1,40000,1
763,3,78.9,203000,MBC,UG,28.9,0.254,0,1,50000,1
763,5,78.9,203000,MBC,UG,3.9,0.406,0,0,15000,0
763,10,78.9,203000,MBC,UG,33.9,0.677,0,0,15000,1
763,14,78.9,203000,MBC,UG,13.9,0.29,0,1,40000,1
763,15,78.9,203000,MBC,UG,18.9,0.451,0,0,12000,0
764,9,77.6,157000,OC,Diploma,17.6,0.393,0,0,10000,1
765,3,74.1,158000,OC,UG,24.1,0.198,0,1,50000,1
765,10,74.1,158000,OC,UG,29.1,0.527,0,0,15000,1
765,14,74.1,158000,OC,UG,9.1,0.226,0,1,40000,1
765,15,74.1,158000,OC,UG,14.1,0.351,0,0,12000,1
766,10,48.6,272000,OC,UG,3.6,0.907,0,0,15000,0
767,6,71.0,143000,SC,PG,31.0,0.572,1,0,18000,1
767,7,71.0,143000,SC,PG,11.0,0.238,0,0,36000,1
767,14,71.0,143000,SC,PG,6.0,0.204,0,1,40000,1
767,15,71.0,143000,SC,PG,11.0,0.318,0,0,12000,1
768,3,63.3,492000,MBC,UG,13.3,0.615,0,1,50000,1
771,2,90.7,226000,MBC,UG,10.7,0.502,0,0,20000,1
771,3,90.7,226000,MBC,UG,40.7,0.282,0,1,50000,1
771,5,90.7,226000,MBC,UG,15.7,0.452,0,0,15000,0
771,10,90.7,226000,MBC,UG,45.7,0.753,0,0,15000,1
771,14,90.7,226000,MBC,UG,25.7,0.323,0,1,40000,1
771,15,90.7,226000,MBC,UG,30.7,0.502,0,0,12000,0
772,3,86.3,310000,BC,Diploma,36.3,0.388,0,1,50000,1
772,9,86.3,310000,BC,Diploma,26.3,0.775,0,0,10000,1
773,7,73.1,136000,MBC,PG,13.1,0.227,0,0,36000,1
773,12,73.1,136000,MBC,PG,18.1,0.389,0,0,14000,1
775,3,70.1,581000,SC,UG,20.1,0.726,0,1,50000,0
775,14,70.1,581000,SC,UG,5.1,0.83,0,1,40000,0
776,7,72.4,354000,BC,PG,12.4,0.59,0,0,36000,0
776,14,72.4,354000,BC,PG,7.4,0.506,0,1,40000,1
776,15,72.4,354000,BC,PG,12.4,0.787,0,0,12000,1
777,1,56.9,132000,MBC,UG,6.9,0.66,1,0,12000,1
777,10,56.9,132000,MBC,UG,11.9,0.44,0,0,15000,0
778,12,74.8,337000,OC,UG,19.8,0.963,0,0,14000,1
779,3,70.7,151000,ST,UG,20.7,0.189,0,1,50000,1
779,6,70.7,151000,ST,UG,30.7,0.604,1,0,18000,1
779,10,70.7,151000,ST,UG,25.7,0.503,0,0,15000,0
779,14,70.7,151000,ST,UG,5.7,0.216,0,1,40000,0
779,15,70.7,151000,ST,UG,10.7,0.336,0,0,12000,1
782,3,69.0,314000,BC,UG,19.0,0.393,0,1,50000,1
782,14,69.0,314000,BC,UG,4.0,0.449,0,1,40000,0
782,15,69.0,314000,BC,UG,9.0,0.698,0,0,12000,1
783,7,91.6,69000,BC,PG,31.6,0.115,0,0,36000,1
783,12,91.6,69000,BC,PG,36.6,0.197,0,0,14000,1
783,14,91.6,69000,BC,PG,26.6,0.099,0,1,40000,1
784,6,80.7,164000,SC,PG,40.7,0.656,1,0,18000,1
784,7,80.7,164000,SC,PG,20.7,0.273,0,0,36000,1
784,13,80.7,164000,SC,PG,5.7,0.205,1,0,60000,0
784,15,80.7,164000,SC,PG,20.7,0.364,0,0,12000,1
788,1,67.6,114000,BC,UG,17.6,0.57,1,0,12000,0
788,10,67.6,114000,BC,UG,22.6,0.38,0,0,15000,0
788,15,67.6,114000,BC,UG,7.6,0.253,0,0,12000,1
789,3,57.0,355000,SC,UG,7.0,0.444,0,1,50000,1
790,7,68.2,545000,MBC,PG,8.2,0.908,0,0,36000,0
790,14,68.2,545000,MBC,PG,3.2,0.779,0,1,40000,0
792,10,55.0,295000,MBC,UG,10.0,0.983,0,0,15000,0
793,3,76.1,350000,BC,UG,26.1,0.438,0,1,50000,1
793,5,76.1,350000,BC,UG,1.1,0.7,0,0,15000,0
793,14,76.1,350000,BC,UG,11.1,0.5,0,1,40000,1
793,15,76.1,350000,BC,UG,16.1,0.778,0,0,12000,1
794,11,74.7,248000,BC,UG,4.7,0.496,0,0,20000,0
796,4,68.5,244000,SC,UG,18.5,0.976,1,0,30000,1
796,6,68.5,244000,SC,UG,28.5,0.976,1,0,18000,1
796,10,68.5,244000,SC,UG,23.5,0.813,0,0,15000,1
796,15,68.5,244000,SC,UG,8.5,0.542,0,0,12000,0
797,2,81.9,244000,BC,UG,1.9,0.542,0,0,20000,0
797,3,81.9,244000,BC,UG,31.9,0.305,0,1,50000,1
797,4,81.9,244000,BC,UG,31.9,0.976,1,0,30000,1
797,5,81.9,244000,BC,UG,6.9,0.488,0,0,15000,0
797,8,81.9,244000,BC,UG,31.9,0.813,1,1,25000,1
797,10,81.9,244000,BC,UG,36.9,0.813,0,0,15000,1
797,14,81.9,244000,BC,UG,16.9,0.349,0,1,40000,1
797,15,81.9,244000,BC,UG,21.9,0.542,0,0,12000,1
798,2,82.7,271000,BC,UG,2.7,0.602,0,0,20000,0
798,12,82.7,271000,BC,UG,27.7,0.774,0,0,14000,1
799,2,82.3,211000,BC,UG,2.3,0.469,0,0,20000,0
799,5,82.3,211000,BC,UG,7.3,0.422,0,0,15000,1
799,10,82.3,211000,BC,UG,37.3,0.703,0,0,15000,1
799,15,82.3,211000,BC,UG,22.3,0.469,0,0,12000,1
800,7,70.5,227000,BC,PG,10.5,0.378,0,0,36000,1
800,14,70.5,227000,BC,PG,5.5,0.324,0,1,40000,1
800,15,70.5,227000,BC,PG,10.5,0.504,0,0,12000,1
803,7,74.1,247000,OC,PG,14.1,0.412,0,0,36000,0
803,11,74.1,247000,OC,PG,4.1,0.494,0,0,20000,1
804,3,74.6,232000,SC,UG,24.6,0.29,0,1,50000,1
804,6,74.6,232000,SC,UG,34.6,0.928,1,0,18000,1
804,10,74.6,232000,SC,UG,29.6,0.773,0,0,15000,1
804,14,74.6,232000,SC,UG,9.6,0.331,0,1,40000,0
804,15,74.6,232000,SC,UG,14.6,0.516,0,0,12000,1
805,7,85.4,313000,BC,PG,25.4,0.522,0,0,36000,1
805,14,85.4,313000,BC,PG,20.4,0.447,0,1,40000,0
805,15,85.4,313000,BC,PG,25.4,0.696,0,0,12000,1
806,2,83.2,94000,BC,UG,3.2,0.209,0,0,20000,1
806,3,83.2,94000,BC,UG,33.2,0.117,0,1,50000,0
806,12,83.2,94000,BC,UG,28.2,0.269,0,0,14000,0
806,14,83.2,94000,BC,UG,18.2,0.134,0,1,40000,1
808,10,55.1,296000,SC,UG,10.1,0.987,0,0,15000,0
809,3,66.2,304000,BC,UG,16.2,0.38,0,1,50000,0
809,14,66.2,304000,BC,UG,1.2,0.434,0,1,40000,0
809,15,66.2,304000,BC,UG,6.2,0.676,0,0,12000,1
810,7,72.6,528000,SC,PG,12.6,0.88,0,0,36000,1
810,14,72.6,528000,SC,PG,7.6,0.754,0,1,40000,1
811,12,67.6,92000,ST,UG,12.6,0.263,0,0,14000,1
812,3,63.1,91000,MBC,Diploma,13.1,0.114,0,1,50000,1
812,9,63.1,91000,MBC,Diploma,3.1,0.228,0,0,10000,1
813,3,73.0,350000,BC,UG,23.0,0.438,0,1,50000,1
813,14,73.0,350000,BC,UG,8.0,0.5,0,1,40000,1
813,15,73.0,350000,BC,UG,13.0,0.778,0,0,12000,1
814,3,64.0,295000,MBC,UG,14.0,0.369,0,1,50000,1
814,10,64.0,295000,MBC,UG,19.0,0.983,0,0,15000,1
814,15,64.0,295000,MBC,UG,4.0,0.656,0,0,12000,1
815,7,62.5,328000,BC,PG,2.5,0.547,0,0,36000,1
816,10,73.7,225000,BC,UG,28.7,0.75,0,0,15000,0
816,15,73.7,225000,BC,UG,13.7,0.5,0,0,12000,1
817,15,65.2,442000,BC,UG,5.2,0.982,0,0,12000,0
820,8,56.3,254000,BC,PG,6.3,0.847,1,1,25000,0
820,12,56.3,254000,BC,PG,1.3,0.726,0,0,14000,1
821,3,64.2,84000,OC,UG,14.2,0.105,0,1,50000,0
821,12,64.2,84000,OC,UG,9.2,0.24,0,0,14000,1
822,3,87.3,470000,BC,UG,37.3,0.588,0,1,50000,1
822,5,87.3,470000,BC,UG,12.3,0.94,0,0,15000,0
822,14,87.3,470000,BC,UG,22.3,0.671,0,1,40000,1
825,10,47.7,175000,OC,UG,2.7,0.583,0,0,15000,0
826,3,70.3,444000,MBC,UG,20.3,0.555,0,1,50000,0
826,14,70.3,444000,MBC,UG,5.3,0.634,0,1,40000,0
826,15,70.3,444000,MBC,UG,10.3,0.987,0,0,12000,1
829,1,84.6,175000,BC,UG,34.6,0.875,1,0,12000,0
829,2,84.6,175000,BC,UG,4.6,0.389,0,0,20000,1
829,5,84.6,175000,BC,UG,9.6,0.35,0,0,15000,1
829,10,84.6,175000,BC,UG,39.6,0.583,0,0,15000,1
829,15,84.6,175000,BC,UG,24.6,0.389,0,0,12000,1
832,7,88.7,307000,BC,PG,28.7,0.512,0,0,36000,1
832,15,88.7,307000,BC,PG,28.7,0.682,0,0,12000,1
833,4,56.5,152000,BC,UG,6.5,0.608,1,0,30000,0
834,7,65.4,380000,BC,PG,5.4,0.633,0,0,36000,0
834,14,65.4,380000,BC,PG,0.4,0.543,0,1,40000,1
834,15,65.4,380000,BC,PG,5.4,0.844,0,0,12000,0
837,15,66.1,338000,OC,UG,6.1,0.751,0,0,12000,0
838,2,87.1,254000,BC,UG,7.1,0.564,0,0,20000,1
838,11,87.1,254000,BC,UG,17.1,0.508,0,0,20000,0
839,3,92.0,720000,BC,UG,42.0,0.9,0,1,50000,1
840,1,66.0,173000,BC,PG,16.0,0.865,1,0,12000,0
840,7,66.0,173000,BC,PG,6.0,0.288,0,0,36000,1
840,14,66.0,173000,BC,PG,1.0,0.247,0,1,40000,0
840,15,66.0,173000,BC,PG,6.0,0.384,0,0,12000,1
842,3,70.4,299000,OC,UG,20.4,0.374,0,1,50000,0
842,10,70.4,299000,OC,UG,25.4,0.997,0,0,15000,1
842,14,70.4,299000,OC,UG,5.4,0.427,0,1,40000,0
842,15,70.4,299000,OC,UG,10.4,0.664,0,0,12000,0
843,13,91.0,503000,ST,UG,16.0,0.629,1,0,60000,1
844,4,68.9,121000,OC,PG,18.9,0.484,1,0,30000,1
844,7,68.9,121000,OC,PG,8.9,0.202,0,0,36000,0
844,8,68.9,121000,OC,PG,18.9,0.403,1,1,25000,1
844,14,68.9,121000,OC,PG,3.9,0.173,0,1,40000,0
844,15,68.9,121000,OC,PG,8.9,0.269,0,0,12000,0
845,12,71.6,135000,OC,UG,16.6,0.386,0,0,14000,1
846,10,74.4,87000,OC,UG,29.4,0.29,0,0,15000,1
846,15,74.4,87000,OC,UG,14.4,0.193,0,0,12000,1
847,7,99.0,302000,ST,PG,39.0,0.503,0,0,36000,1
847,13,99.0,302000,ST,PG,24.0,0.378,1,0,60000,1
847,15,99.0,302000,ST,PG,39.0,0.671,0,0,12000,1
848,2,80.2,152000,MBC,UG,0.2,0.338,0,0,20000,1
848,12,80.2,152000,MBC,UG,25.2,0.434,0,0,14000,1
849,3,61.5,235000,MBC,UG,11.5,0.294,0,1,50000,1
849,10,61.5,235000,MBC,UG,16.5,0.783,0,0,15000,1
849,15,61.5,235000,MBC,UG,1.5,0.522,0,0,12000,0
850,2,81.6,441000,ST,UG,1.6,0.98,0,0,20000,1
850,3,81.6,441000,ST,UG,31.6,0.551,0,1,50000,1
850,5,81.6,441000,ST,UG,6.6,0.882,0,0,15000,0
850,13,81.6,441000,ST,UG,6.6,0.551,1,0,60000,1
850,14,81.6,441000,ST,UG,16.6,0.63,0,1,40000,1
850,15,81.6,441000,ST,UG,21.6,0.98,0,0,12000,1
851,3,65.7,202000,OC,UG,15.7,0.253,0,1,50000,1
851,10,65.7,202000,OC,UG,20.7,0.673,0,0,15000,0
851,14,65.7,202000,OC,UG,0.7,0.289,0,1,40000,0
851,15,65.7,202000,OC,UG,5.7,0.449,0,0,12000,0
852,15,64.1,341000,ST,UG,4.1,0.758,0,0,12000,0
853,7,80.9,248000,BC,PG,20.9,0.413,0,0,36000,1
853,14,80.9,248000,BC,PG,15.9,0.354,0,1,40000,0
853,15,80.9,248000,BC,PG,20.9,0.551,0,0,12000,0
854,15,70.4,444000,MBC,UG,10.4,0.987,0,0,12000,0
855,7,73.3,394000,BC,PG,13.3,0.657,0,0,36000,1
855,14,73.3,394000,BC,PG,8.3,0.563,0,1,40000,0
855,15,73.3,394000,BC,PG,13.3,0.876,0,0,12000,1
856,1,70.2,196000,BC,PG,20.2,0.98,1,0,12000,1
856,7,70.2,196000,BC,PG,10.2,0.327,0,0,36000,1
856,14,70.2,196000,BC,PG,5.2,0.28,0,1,40000,0
856,15,70.2,196000,BC,PG,10.2,0.436,0,0,12000,1
857,7,74.0,268000,ST,PG,14.0,0.447,0,0,36000,0
857,15,74.0,268000,ST,PG,14.0,0.596,0,0,12000,0
860,1,78.0,128000,BC,UG,28.0,0.64,1,0,12000,1
860,3,78.0,128000,BC,UG,28.0,0.16,0,1,50000,1
860,5,78.0,128000,BC,UG,3.0,0.256,0,0,15000,0
860,10,78.0,128000,BC,UG,33.0,0.427,0,0,15000,1
860,14,78.0,128000,BC,UG,13.0,0.183,0,1,40000,1
860,15,78.0,128000,BC,UG,18.0,0.284,0,0,12000,1
861,3,58.2,439000,MBC,UG,8.2,0.549,0,1,50000,1
862,6,52.7,155000,ST,Diploma,12.7,0.62,1,0,18000,1
863,3,69.3,692000,OC,UG,19.3,0.865,0,1,50000,0
863,14,69.3,692000,OC,UG,4.3,0.989,0,1,40000,1
864,7,71.0,548000,SC,PG,11.0,0.913,0,0,36000,1
864,14,71.0,548000,SC,PG,6.0,0.783,0,1,40000,0
866,2,80.0,326000,MBC,UG,0.0,0.724,0,0,20000,0
866,3,80.0,326000,MBC,UG,30.0,0.407,0,1,50000,1
866,5,80.0,326000,MBC,UG,5.0,0.652,0,0,15000,0
866,14,80.0,326000,MBC,UG,15.0,0.466,0,1,40000,1
866,15,80.0,326000,MBC,UG,20.0,0.724,0,0,12000,1
868,7,65.1,446000,BC,PG,5.1,0.743,0,0,36000,0
868,14,65.1,446000,BC,PG,0.1,0.637,0,1,40000,0
868,15,65.1,446000,BC,PG,5.1,0.991,0,0,12000,0
869,4,63.0,237000,MBC,UG,13.0,0.948,1,0,30000,1
869,10,63.0,237000,MBC,UG,18.0,0.79,0,0,15000,1
869,15,63.0,237000,MBC,UG,3.0,0.527,0,0,12000,0
870,3,69.4,342000,BC,UG,19.4,0.427,0,1,50000,1
870,14,69.4,342000,BC,UG,4.4,0.489,0,1,40000,1
871,7,73.3,500000,OC,PG,13.3,0.833,0,0,36000,0
872,10,57.9,212000,BC,UG,12.9,0.707,0,0,15000,1
873,12,78.7,205000,SC,UG,23.7,0.586,0,0,14000,1
873,13,78.7,205000,SC,UG,3.7,0.256,1,0,60000,0
874,3,70.8,145000,OC,UG,20.8,0.181,0,1,50000,1
874,4,70.8,145000,OC,UG,20.8,0.58,1,0,30000,1
874,8,70.8,145000,OC,UG,20.8,0.483,1,1,25000,1
874,10,70.8,145000,OC,UG,25.8,0.483,0,0,15000,0
874,14,70.8,145000,OC,UG,5.8,0.207,0,1,40000,0
874,15,70.8,145000,OC,UG,10.8,0.322,0,0,12000,0
875,10,47.3,157000,MBC,UG,2.3,0.523,0,0,15000,1
876,6,46.5,99000,ST,UG,6.5,0.396,1,0,18000,1
876,10,46.5,99000,ST,UG,1.5,0.33,0,0,15000,0
877,3,69.9,460000,OC,UG,19.9,0.575,0,1,50000,1
877,14,69.9,460000,OC,UG,4.9,0.657,0,1,40000,1
879,3,68.8,697000,MBC,UG,18.8,0.871,0,1,50000,1
879,14,68.8,697000,MBC,UG,3.8,0.996,0,1,40000,0
880,3,69.7,112000,OC,UG,19.7,0.14,0,1,50000,1
880,12,69.7,112000,OC,UG,14.7,0.32,0,0,14000,1
880,14,69.7,112000,OC,UG,4.7,0.16,0,1,40000,1
882,3,81.4,696000,MBC,UG,31.4,0.87,0,1,50000,1
882,14,81.4,696000,MBC,UG,16.4,0.994,0,1,40000,0
884,3,55.9,315000,BC,UG,5.9,0.394,0,1,50000,1
884,12,55.9,315000,BC,UG,0.9,0.9,0,0,14000,0
885,1,56.9,89000,MBC,UG,6.9,0.445,1,0,12000,1
885,10,56.9,89000,MBC,UG,11.9,0.297,0,0,15000,0
886,3,73.5,348000,MBC,UG,23.5,0.435,0,1,50000,1
886,14,73.5,348000,MBC,UG,8.5,0.497,0,1,40000,1
886,15,73.5,348000,MBC,UG,13.5,0.773,0,0,12000,1
887,3,84.9,157000,BC,Diploma,34.9,0.196,0,1,50000,1
887,9,84.9,157000,BC,Diploma,24.9,0.393,0,0,10000,1
888,7,64.8,334000,MBC,PG,4.8,0.557,0,0,36000,0
888,15,64.8,334000,MBC,PG,4.8,0.742,0,0,12000,0
889,6,40.0,116000,SC,UG,0.0,0.464,1,0,18000,1
892,7,63.3,185000,BC,PG,3.3,0.308,0,0,36000,1
893,3,65.1,150000,OC,UG,15.1,0.188,0,1,50000,1
893,10,65.1,150000,OC,UG,20.1,0.5,0,0,15000,0
893,14,65.1,150000,OC,UG,0.1,0.214,0,1,40000,1
893,15,65.1,150000,OC,UG,5.1,0.333,0,0,12000,0
894,4,70.5,81000,BC,UG,20.5,0.324,1,0,30000,0
894,12,70.5,81000,BC,UG,15.5,0.231,0,0,14000,1
895,3,66.3,253000,OC,UG,16.3,0.316,0,1,50000,1
895,10,66.3,253000,OC,UG,21.3,0.843,0,0,15000,1
895,14,66.3,253000,OC,UG,1.3,0.361,0,1,40000,0
895,15,66.3,253000,OC,UG,6.3,0.562,0,0,12000,1
896,2,82.6,209000,ST,UG,2.6,0.464,0,0,20000,0
896,3,82.6,209000,ST,UG,32.6,0.261,0,1,50000,1
896,5,82.6,209000,ST,UG,7.6,0.418,0,0,15000,1
896,6,82.6,209000,ST,UG,42.6,0.836,1,0,18000,1
896,10,82.6,209000,ST,UG,37.6,0.697,0,0,15000,1
896,13,82.6,209000,ST,UG,7.6,0.261,1,0,60000,1
896,14,82.6,209000,ST,UG,17.6,0.299,0,1,40000,1
896,15,82.6,209000,ST,UG,22.6,0.464,0,0,12000,1
897,3,61.9,117000,BC,UG,11.9,0.146,0,1,50000,1
897,4,61.9,117000,BC,UG,11.9,0.468,1,0,30000,1
897,8,61.9,117000,BC,UG,11.9,0.39,1,1,25000,0
901,3,74.7,213000,BC,UG,24.7,0.266,0,1,50000,1
901,10,74.7,213000,BC,UG,29.7,0.71,0,0,15000,1
901,14,74.7,213000,BC,UG,9.7,0.304,0,1,40000,1
901,15,74.7,213000,BC,UG,14.7,0.473,0,0,12000,1
902,3,71.2,564000,BC,UG,21.2,0.705,0,1,50000,0
902,14,71.2,564000,BC,UG,6.2,0.806,0,1,40000,0
903,15,68.2,426000,SC,UG,8.2,0.947,0,0,12000,1
904,2,89.1,274000,ST,UG,9.1,0.609,0,0,20000,0
904,3,89.1,274000,ST,UG,39.1,0.343,0,1,50000,1
904,5,89.1,274000,ST,UG,14.1,0.548,0,0,15000,0
904,10,89.1,274000,ST,UG,44.1,0.913,0,0,15000,1
904,13,89.1,274000,ST,UG,14.1,0.343,1,0,60000,1
904,14,89.1,274000,ST,UG,24.1,0.391,0,1,40000,1
904,15,89.1,274000,ST,UG,29.1,0.609,0,0,12000,1
905,3,62.5,430000,SC,UG,12.5,0.537,0,1,50000,0
905,15,62.5,430000,SC,UG,2.5,0.956,0,0,12000,0
906,7,94.7,148000,OC,PG,34.7,0.247,0,0,36000,1
906,14,94.7,148000,OC,PG,29.7,0.211,0,1,40000,0
906,15,94.7,148000,OC,PG,34.7,0.329,0,0,12000,1
907,9,67.3,302000,SC,Diploma,7.3,0.755,0,0,10000,0
909,6,70.8,224000,SC,UG,30.8,0.896,1,0,18000,1
909,10,70.8,224000,SC,UG,25.8,0.747,0,0,15000,1
909,15,70.8,224000,SC,UG,10.8,0.498,0,0,12000,1
910,3,57.1,385000,BC,UG,7.1,0.481,0,1,50000,1
911,1,61.0,186000,BC,UG,11.0,0.93,1,0,12000,1
911,3,61.0,186000,BC,UG,11.0,0.233,0,1,50000,1
911,10,61.0,186000,BC,UG,16.0,0.62,0,0,15000,1
911,15,61.0,186000,BC,UG,1.0,0.413,0,0,12000,1
912,15,74.8,403000,OC,UG,14.8,0.896,0,0,12000,1
913,3,76.7,413000,OC,UG,26.7,0.516,0,1,50000,1
913,5,76.7,413000,OC,UG,1.7,0.826,0,0,15000,0
913,14,76.7,413000,OC,UG,11.7,0.59,0,1,40000,0
913,15,76.7,413000,OC,UG,16.7,0.918,0,0,12000,1
914,1,62.5,52000,BC,UG,12.5,0.26,1,0,12000,0
914,3,62.5,52000,BC,UG,12.5,0.065,0,1,50000,1
914,10,62.5,52000,BC,UG,17.5,0.173,0,0,15000,1
914,15,62.5,52000,BC,UG,2.5,0.116,0,0,12000,1
915,13,81.8,606000,SC,PG,6.8,0.757,1,0,60000,1
916,2,83.9,48000,SC,UG,3.9,0.107,0,0,20000,0
916,5,83.9,48000,SC,UG,8.9,0.096,0,0,15000,1
916,6,83.9,48000,SC,UG,43.9,0.192,1,0,18000,1
916,10,83.9,48000,SC,UG,38.9,0.16,0,0,15000,1
916,13,83.9,48000,SC,UG,8.9,0.06,1,0,60000,1
916,15,83.9,48000,SC,UG,23.9,0.107,0,0,12000,0
917,2,87.2,205000,ST,UG,7.2,0.456,0,0,20000,0
917,3,87.2,205000,ST,UG,37.2,0.256,0,1,50000,1
917,5,87.2,205000,ST,UG,12.2,0.41,0,0,15000,1
917,6,87.2,205000,ST,UG,47.2,0.82,1,0,18000,1
917,10,87.2,205000,ST,UG,42.2,0.683,0,0,15000,1
917,13,87.2,205000,ST,UG,12.2,0.256,1,0,60000,1
917,14,87.2,205000,ST,UG,22.2,0.293,0,1,40000,1
917,15,87.2,205000,ST,UG,27.2,0.456,0,0,12000,1
918,3,76.4,549000,OC,UG,26.4,0.686,0,1,50000,1
918,14,76.4,549000,OC,UG,11.4,0.784,0,1,40000,0
919,3,86.4,245000,MBC,Diploma,36.4,0.306,0,1,50000,1
920,10,47.4,123000,BC,UG,2.4,0.41,0,0,15000,1
921,4,66.2,154000,BC,UG,16.2,0.616,1,0,30000,1
922,3,59.6,549000,BC,UG,9.6,0.686,0,1,50000,1
923,1,71.4,94000,BC,UG,21.4,0.47,1,0,12000,0
923,3,71.4,94000,BC,UG,21.4,0.117,0,1,50000,1
923,10,71.4,94000,BC,UG,26.4,0.313,0,0,15000,1
923,14,71.4,94000,BC,UG,6.4,0.134,0,1,40000,1
923,15,71.4,94000,BC,UG,11.4,0.209,0,0,12000,1
925,10,68.0,287000,OC,UG,23.0,0.957,0,0,15000,1
925,15,68.0,287000,OC,UG,8.0,0.638,0,0,12000,0
926,3,92.6,145000,BC,Diploma,42.6,0.181,0,1,50000,1
926,9,92.6,145000,BC,Diploma,32.6,0.362,0,0,10000,1
927,3,68.0,209000,MBC,UG,18.0,0.261,0,1,50000,1
927,10,68.0,209000,MBC,UG,23.0,0.697,0,0,15000,1
927,14,68.0,209000,MBC,UG,3.0,0.299,0,1,40000,0
927,15,68.0,209000,MBC,UG,8.0,0.464,0,0,12000,0
928,3,75.0,161000,OC,UG,25.0,0.201,0,1,50000,1
928,4,75.0,161000,OC,UG,25.0,0.644,1,0,30000,1
928,8,75.0,161000,OC,UG,25.0,0.537,1,1,25000,1
928,12,75.0,161000,OC,UG,20.0,0.46,0,0,14000,1
928,14,75.0,161000,OC,UG,10.0,0.23,0,1,40000,0
931,3,70.1,106000,SC,UG,20.1,0.133,0,1,50000,0
931,6,70.1,106000,SC,UG,30.1,0.424,1,0,18000,1
931,10,70.1,106000,SC,UG,25.1,0.353,0,0,15000,1
931,14,70.1,106000,SC,UG,5.1,0.151,0,1,40000,1
931,15,70.1,106000,SC,UG,10.1,0.236,0,0,12000,1
932,3,75.4,233000,MBC,UG,25.4,0.291,0,1,50000,1
932,5,75.4,233000,MBC,UG,0.4,0.466,0,0,15000,0
932,10,75.4,233000,MBC,UG,30.4,0.777,0,0,15000,1
932,14,75.4,233000,MBC,UG,10.4,0.333,0,1,40000,1
932,15,75.4,233000,MBC,UG,15.4,0.518,0,0,12000,1
933,1,84.0,177000,MBC,UG,34.0,0.885,1,0,12000,1
933,2,84.0,177000,MBC,UG,4.0,0.393,0,0,20000,0
933,3,84.0,177000,MBC,UG,34.0,0.221,0,1,50000,1
933,5,84.0,177000,MBC,UG,9.0,0.354,0,0,15000,0
933,10,84.0,177000,MBC,UG,39.0,0.59,0,0,15000,1
933,14,84.0,177000,MBC,UG,19.0,0.253,0,1,40000,1
933,15,84.0,177000,MBC,UG,24.0,0.393,0,0,12000,1
934,14,89.8,644000,MBC,PG,24.8,0.92,0,1,40000,1
935,12,73.7,132000,SC,Diploma,18.7,0.377,0,0,14000,1
936,3,77.1,776000,MBC,UG,27.1,0.97,0,1,50000,1
937,10,56.2,291000,BC,UG,11.2,0.97,0,0,15000,0
938,4,68.9,148000,OC,PG,18.9,0.592,1,0,30000,1
938,7,68.9,148000,OC,PG,8.9,0.247,0,0,36000,0
938,8,68.9,148000,OC,PG,18.9,0.493,1,1,25000,0
938,14,68.9,148000,OC,PG,3.9,0.211,0,1,40000,1
938,15,68.9,148000,OC,PG,8.9,0.329,0,0,12000,1
939,1,81.3,198000,MBC,UG,31.3,0.99,1,0,12000,1
939,2,81.3,198000,MBC,UG,1.3,0.44,0,0,20000,0
939,5,81.3,198000,MBC,UG,6.3,0.396,0,0,15000,0
939,10,81.3,198000,MBC,UG,36.3,0.66,0,0,15000,1
939,15,81.3,198000,MBC,UG,21.3,0.44,0,0,12000,1
940,4,80.4,183000,OC,PG,30.4,0.732,1,0,30000,1
940,7,80.4,183000,OC,PG,20.4,0.305,0,0,36000,1
940,8,80.4,183000,OC,PG,30.4,0.61,1,1,25000,1
940,12,80.4,183000,OC,PG,25.4,0.523,0,0,14000,1
940,14,80.4,183000,OC,PG,15.4,0.261,0,1,40000,0
941,3,72.5,138000,BC,UG,22.5,0.172,0,1,50000,1
941,4,72.5,138000,BC,UG,22.5,0.552,1,0,30000,1
941,8,72.5,138000,BC,UG,22.5,0.46,1,1,25000,1
941,12,72.5,138000,BC,UG,17.5,0.394,0,0,14000,1
941,14,72.5,138000,BC,UG,7.5,0.197,0,1,40000,1
942,7,80.6,314000,OC,PG,20.6,0.523,0,0,36000,1
942,12,80.6,314000,OC,PG,25.6,0.897,0,0,14000,1
942,14,80.6,314000,OC,PG,15.6,0.449,0,1,40000,1
943,1,75.9,142000,BC,UG,25.9,0.71,1,0,12000,1
943,3,75.9,142000,BC,UG,25.9,0.177,0,1,50000,1
943,5,75.9,142000,BC,UG,0.9,0.284,0,0,15000,0
943,10,75.9,142000,BC,UG,30.9,0.473,0,0,15000,1
943,14,75.9,142000,BC,UG,10.9,0.203,0,1,40000,1
943,15,75.9,142000,BC,UG,15.9,0.316,0,0,12000,1
944,2,84.4,80000,OC,UG,4.4,0.178,0,0,20000,0
944,3,84.4,80000,OC,UG,34.4,0.1,0,1,50000,1
944,5,84.4,80000,OC,UG,9.4,0.16,0,0,15000,1
944,10,84.4,80000,OC,UG,39.4,0.267,0,0,15000,1
944,14,84.4,80000,OC,UG,19.4,0.114,0,1,40000,1
944,15,84.4,80000,OC,UG,24.4,0.178,0,0,12000,0
945,3,73.5,236000,MBC,UG,23.5,0.295,0,1,50000,1
945,4,73.5,236000,MBC,UG,23.5,0.944,1,0,30000,1
945,8,73.5,236000,MBC,UG,23.5,0.787,1,1,25000,1
945,11,73.5,236000,MBC,UG,3.5,0.472,0,0,20000,0
945,14,73.5,236000,MBC,UG,8.5,0.337,0,1,40000,1
946,6,65.7,101000,SC,UG,25.7,0.404,1,0,18000,1
946,10,65.7,101000,SC,UG,20.7,0.337,0,0,15000,1
946,15,65.7,101000,SC,UG,5.7,0.224,0,0,12000,1
947,6,74.0,189000,SC,PG,34.0,0.756,1,0,18000,1
947,7,74.0,189000,SC,PG,14.0,0.315,0,0,36000,1
947,15,74.0,189000,SC,PG,14.0,0.42,0,0,12000,1
949,1,74.6,176000,BC,UG,24.6,0.88,1,0,12000,1
949,3,74.6,176000,BC,UG,24.6,0.22,0,1,50000,1
949,10,74.6,176000,BC,UG,29.6,0.587,0,0,15000,0
949,14,74.6,176000,BC,UG,9.6,0.251,0,1,40000,1
949,15,74.6,176000,BC,UG,14.6,0.391,0,0,12000,0
952,3,75.4,344000,MBC,UG,25.4,0.43,0,1,50000,1
952,12,75.4,344000,MBC,UG,20.4,0.983,0,0,14000,1
952,14,75.4,344000,MBC,UG,10.4,0.491,0,1,40000,1
953,1,75.7,102000,BC,UG,25.7,0.51,1,0,12000,1
953,3,75.7,102000,BC,UG,25.7,0.128,0,1,50000,1
953,5,75.7,102000,BC,UG,0.7,0.204,0,0,15000,0
953,10,75.7,102000,BC,UG,30.7,0.34,0,0,15000,1
953,14,75.7,102000,BC,UG,10.7,0.146,0,1,40000,1
953,15,75.7,102000,BC,UG,15.7,0.227,0,0,12000,1
954,6,56.1,200000,ST,PG,16.1,0.8,1,0,18000,1
955,7,61.5,337000,OC,PG,1.5,0.562,0,0,36000,0
955,15,61.5,337000,OC,PG,1.5,0.749,0,0,12000,1
956,2,86.4,160000,SC,UG,6.4,0.356,0,0,20000,1
956,4,86.4,160000,SC,UG,36.4,0.64,1,0,30000,1
956,5,86.4,160000,SC,UG,11.4,0.32,0,0,15000,1
956,6,86.4,160000,SC,UG,46.4,0.64,1,0,18000,1
956,10,86.4,160000,SC,UG,41.4,0.533,0,0,15000,1
956,13,86.4,160000,SC,UG,11.4,0.2,1,0,60000,1
956,15,86.4,160000,SC,UG,26.4,0.356,0,0,12000,1
957,3,64.2,511000,MBC,UG,14.2,0.639,0,1,50000,0
958,1,96.9,144000,BC,UG,46.9,0.72,1,0,12000,1
958,2,96.9,144000,BC,UG,16.9,0.32,0,0,20000,1
958,5,96.9,144000,BC,UG,21.9,0.288,0,0,15000,1
958,10,96.9,144000,BC,UG,51.9,0.48,0,0,15000,1
958,15,96.9,144000,BC,UG,36.9,0.32,0,0,12000,1
959,3,70.0,250000,MBC,UG,20.0,0.312,0,1,50000,1
959,4,70.0,250000,MBC,UG,20.0,1.0,1,0,30000,0
959,8,70.0,250000,MBC,UG,20.0,0.833,1,1,25000,0
959,10,70.0,250000,MBC,UG,25.0,0.833,0,0,15000,1
959,14,70.0,250000,MBC,UG,5.0,0.357,0,1,40000,0
959,15,70.0,250000,MBC,UG,10.0,0.556,0,0,12000,0
960,3,74.9,209000,OC,UG,24.9,0.261,0,1,50000,1
960,12,74.9,209000,OC,UG,19.9,0.597,0,0,14000,0
960,14,74.9,209000,OC,UG,9.9,0.299,0,1,40000,1
961,2,89.4,327000,SC,UG,9.4,0.727,0,0,20000,1
961,3,89.4,327000,SC,UG,39.4,0.409,0,1,50000,1
961,5,89.4,327000,SC,UG,14.4,0.654,0,0,15000,0
961,13,89.4,327000,SC,UG,14.4,0.409,1,0,60000,0
961,14,89.4,327000,SC,UG,24.4,0.467,0,1,40000,1
961,15,89.4,327000,SC,UG,29.4,0.727,0,0,12000,1
962,4,71.6,202000,MBC,UG,21.6,0.808,1,0,30000,1
962,10,71.6,202000,MBC,UG,26.6,0.673,0,0,15000,1
962,15,71.6,202000,MBC,UG,11.6,0.449,0,0,12000,1
963,3,58.0,252000,OC,UG,8.0,0.315,0,1,50000,0
963,10,58.0,252000,OC,UG,13.0,0.84,0,0,15000,1
964,7,68.7,257000,OC,PG,8.7,0.428,0,0,36000,1
965,3,69.6,191000,SC,UG,19.6,0.239,0,1,50000,1
965,6,69.6,191000,SC,UG,29.6,0.764,1,0,18000,1
965,10,69.6,191000,SC,UG,24.6,0.637,0,0,15000,1
965,14,69.6,191000,SC,UG,4.6,0.273,0,1,40000,1
965,15,69.6,191000,SC,UG,9.6,0.424,0,0,12000,1
967,15,66.9,342000,SC,UG,6.9,0.76,0,0,12000,1
968,7,61.1,281000,SC,PG,1.1,0.468,0,0,36000,1
968,15,61.1,281000,SC,PG,1.1,0.624,0,0,12000,0
969,2,81.1,229000,MBC,UG,1.1,0.509,0,0,20000,0
969,3,81.1,229000,MBC,UG,31.1,0.286,0,1,50000,1
969,5,81.1,229000,MBC,UG,6.1,0.458,0,0,15000,0
969,10,81.1,229000,MBC,UG,36.1,0.763,0,0,15000,1
969,14,81.1,229000,MBC,UG,16.1,0.327,0,1,40000,0
969,15,81.1,229000,MBC,UG,21.1,0.509,0,0,12000,1
971,12,66.6,257000,MBC,UG,11.6,0.734,0,0,14000,1
972,6,68.7,247000,ST,UG,28.7,0.988,1,0,18000,0
972,10,68.7,247000,ST,UG,23.7,0.823,0,0,15000,1
972,15,68.7,247000,ST,UG,8.7,0.549,0,0,12000,1
973,3,72.7,316000,OC,UG,22.7,0.395,0,1,50000,1
973,14,72.7,316000,OC,UG,7.7,0.451,0,1,40000,0
973,15,72.7,316000,OC,UG,12.7,0.702,0,0,12000,1
975,1,58.0,133000,BC,UG,8.0,0.665,1,0,12000,0
975,10,58.0,133000,BC,UG,13.0,0.443,0,0,15000,1
977,1,83.3,95000,MBC,UG,33.3,0.475,1,0,12000,1
977,2,83.3,95000,MBC,UG,3.3,0.211,0,0,20000,1
977,5,83.3,95000,MBC,UG,8.3,0.19,0,0,15000,0
977,10,83.3,95000,MBC,UG,38.3,0.317,0,0,15000,0
977,15,83.3,95000,MBC,UG,23.3,0.211,0,0,12000,1
978,7,65.1,338000,BC,PG,5.1,0.563,0,0,36000,0
978,15,65.1,338000,BC,PG,5.1,0.751,0,0,12000,0
980,7,75.3,398000,BC,PG,15.3,0.663,0,0,36000,0
980,14,75.3,398000,BC,PG,10.3,0.569,0,1,40000,0
980,15,75.3,398000,BC,PG,15.3,0.884,0,0,12000,0
981,12,75.6,329000,OC,UG,20.6,0.94,0,0,14000,1
983,3,72.8,302000,SC,UG,22.8,0.378,0,1,50000,0
983,14,72.8,302000,SC,UG,7.8,0.431,0,1,40000,1
983,15,72.8,302000,SC,UG,12.8,0.671,0,0,12000,0
984,12,78.8,255000,MBC,UG,23.8,0.729,0,0,14000,0
985,3,74.5,185000,BC,UG,24.5,0.231,0,1,50000,1
985,11,74.5,185000,BC,UG,4.5,0.37,0,0,20000,0
985,14,74.5,185000,BC,UG,9.5,0.264,0,1,40000,1
986,6,77.6,249000,SC,PG,37.6,0.996,1,0,18000,1
986,7,77.6,249000,SC,PG,17.6,0.415,0,0,36000,1
986,13,77.6,249000,SC,PG,2.6,0.311,1,0,60000,1
986,14,77.6,249000,SC,PG,12.6,0.356,0,1,40000,0
986,15,77.6,249000,SC,PG,17.6,0.553,0,0,12000,1
987,3,53.1,334000,OC,UG,3.1,0.417,0,1,50000,1
988,1,74.0,187000,BC,UG,24.0,0.935,1,0,12000,1
988,10,74.0,187000,BC,UG,29.0,0.623,0,0,15000,0
988,15,74.0,187000,BC,UG,14.0,0.416,0,0,12000,0
989,1,66.4,183000,BC,UG,16.4,0.915,1,0,12000,0
989,10,66.4,183000,BC,UG,21.4,0.61,0,0,15000,1
989,15,66.4,183000,BC,UG,6.4,0.407,0,0,12000,1
991,2,80.4,375000,MBC,UG,0.4,0.833,0,0,20000,0
991,11,80.4,375000,MBC,UG,10.4,0.75,0,0,20000,0
992,2,87.8,411000,MBC,UG,7.8,0.913,0,0,20000,0
992,3,87.8,411000,MBC,UG,37.8,0.514,0,1,50000,1
992,5,87.8,411000,MBC,UG,12.8,0.822,0,0,15000,0
992,14,87.8,411000,MBC,UG,22.8,0.587,0,1,40000,0
992,15,87.8,411000,MBC,UG,27.8,0.913,0,0,12000,1
993,7,91.5,341000,OC,PG,31.5,0.568,0,0,36000,1
993,14,91.5,341000,OC,PG,26.5,0.487,0,1,40000,1
993,15,91.5,341000,OC,PG,31.5,0.758,0,0,12000,1
994,3,85.8,529000,OC,UG,35.8,0.661,0,1,50000,1
994,14,85.8,529000,OC,UG,20.8,0.756,0,1,40000,0
995,3,68.7,313000,MBC,UG,18.7,0.391,0,1,50000,1
995,14,68.7,313000,MBC,UG,3.7,0.447,0,1,40000,1
995,15,68.7,313000,MBC,UG,8.7,0.696,0,0,12000,1
996,3,74.2,375000,BC,UG,24.2,0.469,0,1,50000,1
996,14,74.2,375000,BC,UG,9.2,0.536,0,1,40000,1
997,5,79.2,356000,SC,UG,4.2,0.712,0,0,15000,0
997,13,79.2,356000,SC,UG,4.2,0.445,1,0,60000,1
997,15,79.2,356000,SC,UG,19.2,0.791,0,0,12000,1
998,9,71.5,281000,SC,Diploma,11.5,0.703,0,0,10000,0
999,10,71.6,216000,BC,UG,26.6,0.72,0,0,15000,1
999,15,71.6,216000,BC,UG,11.6,0.48,0,0,12000,1
